基金管理人简称,evaluation_pool,credibility_grade,formal_rank,annualized_valid_fund_count,active_contribution_valid_fund_count,median_annualized_fund_return,equal_weight_annualized_fund_return,nav_weighted_annualized_fund_return,median_annualized_three_asset_benchmark_return,median_annualized_excess_vs_three_asset,median_annualized_excess_vs_loo_peer,median_annualized_active_allocation_contribution,annualized_excess_positive_fund_ratio,active_contribution_positive_fund_ratio
广发基金,正式评价,B级,1.0,18,17,0.03672977005164746,0.039755817290314514,0.1564139660453868,0.046734637484599495,-0.019967110696482826,-0.012907144180948626,0.003886568654799971,0.2777777777777778,0.7058823529411765
易方达基金,正式评价,B级,2.0,3,14,0.12183474932759664,0.1370747324497681,0.11135795824292859,0.05025100674650829,0.07158374258108835,0.09031363672169723,0.0003217019304136981,1.0,0.5
华商基金,正式评价,B级,3.0,5,5,0.10154951621702013,0.26720028649977967,0.5530780284391663,0.05282912024049469,0.06162460181643303,0.06989674629439047,0.004160801065230091,0.8,0.8
景顺长城基金,正式评价,B级,4.0,8,8,0.0799946727269466,0.16077792362602344,0.40231802133080485,0.05908492807495147,0.01908135267168798,0.03764699032726637,0.00034439251768159096,0.625,0.625
鹏华基金,正式评价,B级,5.0,4,6,0.07577197722795337,0.0768484406493189,0.04854499367405717,0.03151088440962668,0.034502948699895786,0.037311634811443395,0.002325143704863919,1.0,0.8333333333333334
华夏基金,正式评价,B级,6.0,8,14,0.05032804770133659,0.07051395618121545,0.03559521812779176,0.05980526971615219,-0.00971536156203845,0.014704313749272557,-0.0006646268801385191,0.375,0.42857142857142855
博时基金,正式评价,B级,7.0,5,8,0.043465418824386814,0.03411431192541516,0.11322077337603165,0.04062257462626251,0.0028428441981243058,0.011879800262074136,4.690156010589419e-05,0.6,0.5
招商基金,正式评价,C级,8.0,13,17,0.05598252232804746,0.06461714539263036,0.03634339324975617,0.06501557947249337,-0.01023939935074547,0.006852379072370018,-0.00011921497299516304,0.38461538461538464,0.47058823529411764
国寿安保基金,正式评价,C级,9.0,8,8,0.08071046244341673,0.11838682317164723,0.0939702424345017,0.04071298191099648,0.03782034270096335,0.037011113691760134,-0.004870521678838391,0.875,0.25
平安基金,正式评价,C级,10.0,3,6,0.03789100879137974,0.0474194183682779,0.06111810730611612,0.043322614540378,0.0059276361532267785,0.011613089714189728,0.0008650471200858378,0.6666666666666666,0.5
长信基金,正式评价,C级,11.0,7,7,0.02676411636836029,0.03560196153940466,0.009839283859170787,0.034686920153152334,-0.019503103080513284,-0.0077638868231311164,-0.007958621700645208,0.2857142857142857,0.42857142857142855
富国基金,正式评价,C级,12.0,9,9,0.06706293191814461,0.06986800255319234,0.08422802502255795,0.05342612330543184,0.011737254374978301,0.03161239311391961,-0.0036543672536692995,0.6666666666666666,0.2222222222222222
国泰基金,正式评价,C级,13.0,10,8,0.06993134542393942,0.08003416003719784,0.09537502434774495,0.04621347335624115,0.018272527073772693,0.018062863307522048,-0.007515119089526179,0.7,0.25
融通基金,正式评价,B级,14.0,7,7,0.10259830406953019,0.09149354433892369,0.12924416367417516,0.04185027129664154,-0.0114680680300292,0.016622270776191828,0.002211834515686073,0.2857142857142857,0.5714285714285714
银华基金,正式评价,C级,15.0,3,4,-0.015992033127966265,0.05564141576154399,0.0025340126995157574,0.016606532454949807,-0.0274689615286986,-0.014849642448193534,-0.0019686990857069597,0.3333333333333333,0.5
中欧基金,正式评价,C级,16.0,5,5,0.012742297906822797,0.02064592116566153,0.02659347840734066,0.06340502915006252,-0.04906655081772526,-0.02886877548097977,-0.008570654026234914,0.0,0.2
中邮基金,观察池,观察池,,3,3,0.2661143545461424,0.2605540629276768,0.26385184980567183,0.07134540889450713,0.19476894565163527,0.21976205543905292,0.005946920492556851,1.0,1.0
永赢基金,观察池,观察池,,2,2,0.2296365824878347,0.2296365824878347,0.382435774826255,0.05183650130227413,0.17780008118556057,0.18115377054416282,0.002284012159932125,1.0,0.5
建信基金,观察池,观察池,,1,1,0.24476472560486728,0.24476472560486728,0.24476472560486726,0.0682180661893883,0.17654665941547898,0.19104188428136393,-0.0061372968255327676,1.0,0.0
新华基金,观察池,观察池,,2,2,0.22213721897167005,0.22213721897167005,0.23953415178135978,0.07577737950096763,0.1463598394707024,0.16034729921689272,-0.007983800284614095,1.0,0.5
万家基金,观察池,观察池,,1,4,0.1440694830205842,0.1440694830205842,0.1440694830205842,0.04664863611249448,0.09742084690808972,0.08298314781212057,0.00013431663862728538,1.0,0.5
宏利基金,观察池,观察池,,2,2,0.15283863477699078,0.15283863477699078,0.15119391962841253,0.05658855780189709,0.09625007697509369,0.08258413970397738,-0.008739445064388895,1.0,0.0
财通基金,观察池,观察池,,1,1,0.1411642408173559,0.1411642408173559,0.1411642408173559,0.04710332116011684,0.09406091965723906,0.11038240624927109,-0.012032237300124926,1.0,0.0
圆信永丰基金,观察池,观察池,,1,1,0.13823615804491984,0.13823615804491984,0.13823615804491984,0.05543899527920226,0.08279716276571758,0.10693991834746819,-0.007553950441067547,1.0,0.0
银河基金,观察池,观察池,,2,2,0.11594437879765152,0.11594437879765152,0.10916815245005546,0.03464987201563641,0.08129450678201511,0.0740634201945759,-0.008463742168304977,1.0,0.5
农银汇理基金,观察池,观察池,,1,1,0.1280655562806774,0.1280655562806774,0.1280655562806774,0.04868948148743946,0.07937607479323794,0.07420059298308912,0.0020904484855377437,1.0,1.0
中金基金,观察池,观察池,,1,1,0.11485712647352897,0.11485712647352897,0.11485712647352896,0.04555221194634873,0.06930491452718024,0.06106086100904795,-0.016527271365810114,1.0,0.0
财通资管,观察池,观察池,,3,4,0.09759048705173079,0.08143777825186042,0.05712565953959356,0.0433865197131329,0.05594138565615725,0.06609879273482844,0.0032408281975252473,0.6666666666666666,0.5
国投瑞银基金,观察池,观察池,,3,3,0.09358527788437354,0.09419654481608923,0.10627636746001175,0.04231750300017145,0.052050148296486354,0.026232254379850328,0.003762875210215455,1.0,0.6666666666666666
光大保德信基金,观察池,观察池,,3,4,0.0776247379165047,0.14440152040711207,0.18325571861918835,0.07235866391829027,0.04472182470170183,0.052275555693399145,0.005674696773837862,0.6666666666666666,0.5
中加基金,观察池,观察池,,1,2,0.09835705729359256,0.09835705729359256,0.09835705729359256,0.056014534172307284,0.04234252312128528,0.04470880699669899,0.006994611768500358,1.0,1.0
华宝基金,观察池,观察池,,2,3,0.1043825450921193,0.1043825450921193,0.10442156924014437,0.06760905036364118,0.03677349472847813,0.05118776603622821,-0.0006147196882814177,1.0,0.3333333333333333
大成基金,观察池,观察池,,7,7,0.10231812248272965,0.08437572039609306,0.07250247269988735,0.053667155401102784,0.03572481478083378,0.04879757039319399,6.232622733914894e-05,0.7142857142857143,0.5714285714285714
泰康基金,观察池,观察池,,2,3,0.07772050035915778,0.07772050035915778,0.10968423498559898,0.04968368712179849,0.028036813237359293,0.019738280174066425,-0.00046681689814809246,0.5,0.3333333333333333
上银基金,观察池,观察池,,2,2,0.07989534160364609,0.07989534160364609,0.094744813275471,0.0524617508069849,0.02743359079666119,0.047274086419044514,-0.0030584009385323796,0.5,0.0
诺德基金,观察池,观察池,,1,1,0.07443962540039362,0.07443962540039362,0.07443962540039362,0.052429662064104265,0.02200996333628935,0.021394404225763886,-0.002347019158849273,1.0,0.0
华泰证券(上海)资产管理,观察池,观察池,,2,2,0.044860206183153895,0.044860206183153895,0.04913061796321924,0.023739840622086117,0.021120365561067778,0.012503078565393011,-0.0200197127871114,1.0,0.0
合煦智远基金,观察池,观察池,,1,1,0.019092106223582483,0.019092106223582483,0.019092106223582483,-0.00026710912740079973,0.019359215350983283,-0.024043221337150866,-0.009343031717924943,1.0,0.0
东兴基金,观察池,观察池,,1,1,0.14808646062162012,0.14808646062162012,0.14808646062162012,0.1298707449829779,0.018215715638642216,0.08544698095687164,0.04179375210488723,1.0,1.0
中银基金,观察池,观察池,,4,7,0.08282312790019686,0.11348004058755426,0.14973786904389805,0.06882287890490646,0.009165730561681906,0.036686427721923154,0.00026160546322073763,0.5,0.5714285714285714
中海基金,观察池,观察池,,1,1,0.04612064182751685,0.04612064182751685,0.04612064182751685,0.039232860557526505,0.006887781269990345,-0.008075093157741797,-0.008075963956542531,1.0,0.0
益民基金,观察池,观察池,,1,1,0.0336918241172377,0.0336918241172377,0.0336918241172377,0.027469585602357904,0.0062222385148797965,-0.020241881936635453,-0.005730062626591259,1.0,0.0
汇添富基金,观察池,观察池,,2,6,0.049135417913568014,0.049135417913568014,0.0778392133678863,0.04345537001431976,0.005680047899248253,0.005644654529971871,-0.0023935241582767053,0.5,0.3333333333333333
民生加银基金,观察池,观察池,,3,3,0.05148318968741927,0.05328011733640962,0.04727340804439439,0.055733515100480524,0.005202803003682144,-0.01837870752180648,0.006290968197903757,0.6666666666666666,0.6666666666666666
华富基金,观察池,观察池,,2,2,0.03508507095897628,0.03508507095897628,0.03481618058164518,0.034593003545686285,0.0004920674132899983,-0.0234575717069494,0.004526277808698409,0.5,1.0
国海富兰克林基金,观察池,观察池,,1,1,0.04829574339698861,0.04829574339698861,0.04829574339698861,0.04787931423040548,0.0004164291665831321,-0.005119472688526194,0.0031260887226736145,1.0,1.0
金鹰基金,观察池,观察池,,4,4,0.06629442347666159,0.05104176917267922,0.054029176929736654,0.06173073595922529,-0.0014127591964052666,0.012531454842360845,0.008252479324086903,0.5,0.75
交银施罗德基金,观察池,观察池,,5,5,0.05337532571797232,0.30188613810954623,0.7192770825052144,0.05862823604168965,-0.0020779553096237358,0.0012481347027115675,2.45208376044026e-05,0.4,0.6
东方红资产管理,观察池,观察池,,3,4,0.023814880935973504,0.04164153339718283,0.02286636703234509,0.04387170310517963,-0.002767734691109913,0.006768123241489343,-0.0024416531640490957,0.3333333333333333,0.5
东海基金,观察池,观察池,,2,2,0.023057100746692982,0.023057100746692982,0.023450568317538185,0.030468667501589275,-0.007411566754896293,-0.030937694620060685,0.005559490861821947,0.5,0.5
博道基金,观察池,观察池,,1,1,0.034909921887340545,0.034909921887340545,0.034909921887340545,0.04482317470879216,-0.009913252821451612,0.0029671854425157296,-0.008734244420428694,0.0,0.0
尚正基金,观察池,观察池,,1,1,0.01996985009873109,0.01996985009873109,0.01996985009873109,0.030007918844082715,-0.010038068745351625,-0.0028204632164894328,-0.01232064160491475,0.0,0.0
嘉实基金,观察池,观察池,,1,2,0.032989845159800524,0.032989845159800524,0.032989845159800524,0.044267423266998396,-0.011277578107197872,-0.013994446963834895,-0.01095322202414295,0.0,0.0
红土创新基金,观察池,观察池,,1,2,0.03435018376242849,0.03435018376242849,0.03435018376242849,0.04571977893063761,-0.011369595168209123,0.006752432437415745,-0.011731360656326462,0.0,0.0
弘毅远方基金,观察池,观察池,,1,1,0.007530325674711458,0.007530325674711458,0.007530325674711458,0.019404558940099736,-0.011874233265388279,-0.017133619312430737,-0.005386670790291537,0.0,0.0
安信基金,观察池,观察池,,3,4,0.01823825969750681,0.021424293223438307,0.027785938324996106,0.030545117826113133,-0.012306858128606324,-0.07054561205101262,0.0017856454693038204,0.3333333333333333,0.75
东吴基金,观察池,观察池,,1,1,0.05319840809057297,0.05319840809057297,0.05319840809057297,0.06551120117787712,-0.012312793087304152,3.762013449892798e-05,0.00260980079367501,0.0,1.0
兴证全球基金,观察池,观察池,,3,3,0.03254620148888043,0.032329238500720926,0.03170965209130786,0.042618509290215156,-0.017639456993881808,-0.016983945199570583,-0.0028307295985759984,0.3333333333333333,0.0
前海开源基金,观察池,观察池,,2,2,0.03434169924882868,0.03434169924882868,0.017908245062907842,0.05270767969534729,-0.018365980446518604,-0.011875096845636146,0.00844686049332044,0.0,1.0
长盛基金,观察池,观察池,,2,5,0.014045598426652595,0.014045598426652595,-0.0049393468230357505,0.032780393576121836,-0.01873479514946924,-0.028649420482368126,0.007706094954538001,0.5,0.8
天弘基金,观察池,观察池,,5,5,0.02020806535606212,0.037413265554843186,0.07706136855708783,0.05105716154340589,-0.01908834515506297,-0.039481917650528775,-0.0009511105654380625,0.2,0.4
创金合信基金,观察池,观察池,,1,1,0.04608504800125757,0.04608504800125757,0.04608504800125757,0.06531457104180705,-0.01922952304054948,-0.03770212814207108,0.006370875735125292,0.0,1.0
海富通基金,观察池,观察池,,3,3,0.02741796242302552,-0.007201314629707929,0.006187394015640577,0.04676219945557136,-0.01934423703254584,-0.019977416125787517,0.004254129774961868,0.3333333333333333,0.6666666666666666
中信保诚基金,观察池,观察池,,7,4,0.02693653227808812,0.0343470713869356,0.07430737742201446,0.02977756071904758,-0.020568113734394933,-0.0009515643566384568,0.003262103863775123,0.14285714285714285,0.75
兴业基金,观察池,观察池,,1,1,0.010464758845111666,0.010464758845111666,0.010464758845111666,0.031371854166278856,-0.02090709532116719,-0.015919634992356935,0.0008323085172894373,0.0,1.0
鹏扬基金,观察池,观察池,,3,3,0.03582834509699673,0.04301773381170859,0.04023696789702608,0.05639524273415386,-0.021417888611030333,-0.004486057629440765,0.0,0.3333333333333333,0.3333333333333333
工银瑞信基金,观察池,观察池,,3,5,0.03100423854615908,0.03513274350493778,0.031112708556109696,0.04565526735899805,-0.02223877792420037,-0.011362342631965783,-0.004727724950908896,0.0,0.0
东方基金,观察池,观察池,,4,4,0.01921481795311475,0.037872575112543716,0.06387949415905841,0.06656208552984388,-0.02887366109449363,-0.02133514135920611,-0.008984759888700788,0.0,0.0
兴证资管,观察池,观察池,,1,1,0.03516687675543362,0.03516687675543362,0.03516687675543362,0.06658055814363273,-0.03141368138819911,-0.007439003094744656,-0.0006094764771457095,0.0,0.0
摩根基金(中国),观察池,观察池,,2,3,0.011012042240749031,0.011012042240749031,0.006871925608734562,0.0442287014473437,-0.03321665920659467,-0.0063661233781397986,-0.013284498309363957,0.5,0.0
宝盈基金,观察池,观察池,,2,5,0.002003515636939901,0.002003515636939901,0.021453555054019004,0.035565286050612044,-0.03356177041367214,-0.029266137190570807,0.0026189108260876726,0.0,0.8
兴银基金管理,观察池,观察池,,2,2,-0.010234327319507852,-0.010234327319507852,-0.03834660038991288,0.026496858492844222,-0.036731185812352074,-0.024394853607923095,-0.005624831226626548,0.5,0.0
南方基金,观察池,观察池,,5,6,0.00896785487228069,0.04744500502293312,0.027640195580666733,0.06182745401930023,-0.03867422636002815,-0.02218897284299115,0.005574363033155283,0.4,0.5
浙商基金,观察池,观察池,,3,3,0.00625183743116442,0.007848441667303733,0.008824211702096461,0.047468311967007404,-0.03873658867415586,-0.025709719290401223,0.0027149985258831943,0.0,0.6666666666666666
汇安基金,观察池,观察池,,5,5,-0.005145134218513703,-0.0006256263320941535,-0.004199902641598176,0.03560970121371043,-0.040754835432224135,-0.028588061074208748,0.0028601729119017705,0.0,0.8
中银证券,观察池,观察池,,1,1,0.0010518829263472806,0.0010518829263472806,0.0010518829263472806,0.04362499175772716,-0.04257310883137988,-0.024430377764555145,-0.006644543811224812,0.0,0.0
信达澳亚基金,观察池,观察池,,2,2,-0.02841392899570422,-0.02841392899570422,-0.014722376317937285,0.015307923055396078,-0.043721852051100296,-0.05723286601978933,-0.008397068773141003,0.5,0.0
华安基金,观察池,观察池,,1,2,-0.015633801652068624,-0.015633801652068624,-0.015633801652068624,0.02809302177634798,-0.043726823428416606,-0.04298940884711688,-0.012647715230797385,0.0,0.0
南华基金,观察池,观察池,,1,1,-0.020821461824685805,-0.020821461824685805,-0.020821461824685805,0.027926589317383232,-0.04874805114206904,-0.04442825942542661,0.003389288387306122,0.0,1.0
华泰保兴基金,观察池,观察池,,1,1,0.009432975374016994,0.009432975374016994,0.009432975374016994,0.05880623352009651,-0.04937325814607951,-0.019485578306199125,0.0015994304508395452,0.0,1.0
前海联合,观察池,观察池,,1,1,-0.0156608092394821,-0.0156608092394821,-0.0156608092394821,0.03858976694421301,-0.05425057618369511,-0.03432150240256804,-0.0014357528930153407,0.0,0.0
富安达基金,观察池,观察池,,1,1,-0.0035834167776817027,-0.0035834167776817027,-0.0035834167776817027,0.05174406649346075,-0.05532748327114245,-0.03151385318260835,0.002805558595633917,0.0,1.0
国联安基金,观察池,观察池,,1,1,-0.008005921851877096,-0.008005921851877096,-0.008005921851877096,0.048190911982067375,-0.05619683383394447,-0.06584948945969749,-0.0009145789022587669,0.0,0.0
汇丰晋信基金,观察池,观察池,,2,2,-0.003920367428151328,-0.003920367428151328,-0.004647771256649207,0.0525140151362099,-0.05643438256436123,-0.022525520290462564,0.008113631026851142,0.0,1.0
浙商证券资管,观察池,观察池,,1,1,0.02598378283263214,0.02598378283263214,0.02598378283263214,0.0901691373123723,-0.06418535447974016,-0.03936204193070858,0.007095602314839633,0.0,1.0
泓德基金,观察池,观察池,,1,1,-0.05503412806280161,-0.05503412806280161,-0.05503412806280161,0.048128396048997546,-0.10316252411179916,-0.11240560941348343,-0.009649684558485916,0.0,0.0
太平基金,观察池,观察池,,1,2,-0.11518594205455746,-0.11518594205455746,-0.11518594205455746,-0.010066622224262245,-0.10511931983029521,-0.14324896292120515,-0.002129030140427035,0.0,0.0
诺安基金,观察池,观察池,,1,1,-0.05674561335246331,-0.05674561335246331,-0.05674561335246331,0.07499035680329902,-0.13173597015576233,-0.08273539213336001,0.013480539739175068,0.0,1.0
西部利得基金,观察池,观察池,,2,2,-0.1372254325320747,-0.1372254325320747,-0.12214823395306323,0.07881675106382258,-0.21604218359589727,-0.1827480841929357,-0.004346672640684723,0.0,0.5
众盈基金,观察池,观察池,,0,0,,,,,,,,,
华润元大基金,观察池,观察池,,0,0,,,,,,,,,
同泰基金,观察池,观察池,,0,0,,,,,,,,,
国新国证基金,观察池,观察池,,0,1,,,,,,,-0.009332529253067268,,0.0
国联基金,观察池,观察池,,0,0,,,,,,,,,
恒越基金,观察池,观察池,,0,1,,,,,,,0.01110705577740001,,1.0
格林基金,观察池,观察池,,0,1,,,,,,,0.024328767405733975,,1.0
泰信基金,观察池,观察池,,0,1,,,,,,,-1.52821386986135e-05,,0.0
浦银安盛基金,观察池,观察池,,0,1,,,,,,,0.008041190865762715,,1.0
红塔红土,观察池,观察池,,0,1,,,,,,,0.000354550934318576,,1.0
英大基金,观察池,观察池,,0,1,,,,,,,-0.01611864958977216,,0.0
长城基金,观察池,观察池,,0,1,,,,,,,0.0016028158102647794,,1.0
