基金管理人简称,evaluation_pool,credibility_grade,switch_observation_count,switch_unique_fund_count,max_single_fund_observation_share,top_two_fund_observation_share,max_single_fund_absolute_contribution_share,formal_gate_reason
广发基金,正式评价,B级,97,18,0.1134020618556701,0.20618556701030927,0.15503055776720326,通过
易方达基金,正式评价,B级,55,13,0.12727272727272726,0.2545454545454545,0.1590626581262172,通过
华商基金,正式评价,B级,33,5,0.24242424242424243,0.45454545454545453,0.371043795167555,通过
景顺长城基金,正式评价,B级,31,8,0.22580645161290322,0.41935483870967744,0.24560724965781777,通过
鹏华基金,正式评价,B级,38,8,0.21052631578947367,0.39473684210526316,0.2469890930864319,通过
华夏基金,正式评价,B级,69,15,0.10144927536231885,0.2028985507246377,0.24037973522706005,通过
博时基金,正式评价,B级,53,10,0.1509433962264151,0.2641509433962264,0.30299081633163877,通过
招商基金,正式评价,C级,91,18,0.08791208791208792,0.17582417582417584,0.14211254012204264,通过
国寿安保基金,正式评价,C级,51,8,0.17647058823529413,0.3333333333333333,0.2051833454955788,通过
平安基金,正式评价,C级,41,9,0.17073170731707318,0.34146341463414637,0.2131050459412772,通过
长信基金,正式评价,C级,44,7,0.18181818181818182,0.36363636363636365,0.1869642304746593,通过
富国基金,正式评价,C级,50,9,0.18,0.34,0.24614089698043215,通过
国泰基金,正式评价,C级,52,11,0.15384615384615385,0.28846153846153844,0.16670205379302425,通过
融通基金,正式评价,B级,36,7,0.25,0.4722222222222222,0.2519132864654619,通过
银华基金,正式评价,C级,35,5,0.2571428571428571,0.4857142857142857,0.37705915379050653,通过
中欧基金,正式评价,C级,34,7,0.23529411764705882,0.47058823529411764,0.21018064482244486,通过
兴业基金,观察池,观察池,1,1,1.0,1.0,1.0,切换观察<30；切换基金<5；收益观察<30；单基金观察占比>50%
东兴基金,观察池,观察池,9,1,1.0,1.0,1.0,切换观察<30；切换基金<5；收益观察<30；单基金观察占比>50%
农银汇理基金,观察池,观察池,8,2,0.5,1.0,0.9277240367694455,切换观察<30；切换基金<5；收益观察<30
浙商证券资管,观察池,观察池,8,1,1.0,1.0,1.0,切换观察<30；切换基金<5；收益观察<30；单基金观察占比>50%
创金合信基金,观察池,观察池,5,1,1.0,1.0,1.0,切换观察<30；切换基金<5；收益观察<30；单基金观察占比>50%
中邮基金,观察池,观察池,17,4,0.35294117647058826,0.7058823529411765,0.4684685811674002,切换观察<30；切换基金<5
西部利得基金,观察池,观察池,12,3,0.5,0.75,0.37458276118165845,切换观察<30；切换基金<5
前海开源基金,观察池,观察池,20,4,0.35,0.7,0.7897524160373639,切换观察<30；切换基金<5
中加基金,观察池,观察池,6,2,0.8333333333333334,1.0,0.9252253656622297,切换观察<30；切换基金<5；收益观察<30；单基金观察占比>50%
长城基金,观察池,观察池,3,1,1.0,1.0,1.0,切换观察<30；切换基金<5；收益观察<30；单基金观察占比>50%
兴银基金管理,观察池,观察池,11,2,0.5454545454545454,1.0,0.700002552010653,切换观察<30；切换基金<5；单基金观察占比>50%
汇丰晋信基金,观察池,观察池,11,2,0.5454545454545454,1.0,0.7058956767834098,切换观察<30；切换基金<5；收益观察<30；单基金观察占比>50%
光大保德信基金,观察池,观察池,16,4,0.5625,0.875,0.33672289414216744,切换观察<30；切换基金<5；单基金观察占比>50%
汇安基金,观察池,观察池,26,5,0.2692307692307692,0.5,0.26212924740404375,切换观察<30
民生加银基金,观察池,观察池,18,3,0.5,0.7777777777777778,0.5222362853383873,切换观察<30；切换基金<5
浙商基金,观察池,观察池,18,3,0.4444444444444444,0.8333333333333334,0.6184532267596878,切换观察<30；切换基金<5
华润元大基金,观察池,观察池,5,1,1.0,1.0,1.0,切换观察<30；切换基金<5；收益观察<30；单基金观察占比>50%
安信基金,观察池,观察池,20,5,0.35,0.55,0.40624024199933867,切换观察<30
浦银安盛基金,观察池,观察池,5,1,1.0,1.0,1.0,切换观察<30；切换基金<5；收益观察<30；单基金观察占比>50%
益民基金,观察池,观察池,5,1,1.0,1.0,1.0,切换观察<30；切换基金<5；收益观察<30；单基金观察占比>50%
鹏扬基金,观察池,观察池,15,3,0.5333333333333333,0.8,0.4070148437739529,切换观察<30；切换基金<5；单基金观察占比>50%
南方基金,观察池,观察池,17,7,0.29411764705882354,0.47058823529411764,0.20681170356660136,切换观察<30
华富基金,观察池,观察池,12,2,0.5833333333333334,1.0,0.7442125825239484,切换观察<30；切换基金<5；收益观察<30；单基金观察占比>50%
长盛基金,观察池,观察池,26,5,0.2692307692307692,0.5384615384615384,0.538974067538899,切换观察<30
前海联合,观察池,观察池,7,1,1.0,1.0,1.0,切换观察<30；切换基金<5；收益观察<30；单基金观察占比>50%
博道基金,观察池,观察池,7,1,1.0,1.0,1.0,切换观察<30；切换基金<5；收益观察<30；单基金观察占比>50%
财通基金,观察池,观察池,7,2,0.7142857142857143,1.0,0.747057629930503,切换观察<30；切换基金<5；收益观察<30；单基金观察占比>50%
大成基金,观察池,观察池,20,7,0.25,0.45,0.2993381134738672,切换观察<30
信达澳亚基金,观察池,观察池,15,2,0.5333333333333333,1.0,0.6549659002580278,切换观察<30；切换基金<5；收益观察<30；单基金观察占比>50%
中银基金,观察池,观察池,27,7,0.2962962962962963,0.5185185185185185,0.2907864022847328,切换观察<30
东方红资产管理,观察池,观察池,6,4,0.3333333333333333,0.6666666666666666,0.44407100686774065,切换观察<30；切换基金<5
中金基金,观察池,观察池,4,1,1.0,1.0,1.0,切换观察<30；切换基金<5；收益观察<30；单基金观察占比>50%
华泰保兴基金,观察池,观察池,6,1,1.0,1.0,1.0,切换观察<30；切换基金<5；收益观察<30；单基金观察占比>50%
南华基金,观察池,观察池,2,1,1.0,1.0,1.0,切换观察<30；切换基金<5；收益观察<30；单基金观察占比>50%
同泰基金,观察池,观察池,2,1,1.0,1.0,1.0,切换观察<30；切换基金<5；收益观察<30；单基金观察占比>50%
天弘基金,观察池,观察池,18,5,0.2777777777777778,0.5,0.32313399023756273,切换观察<30
宏利基金,观察池,观察池,10,2,0.8,1.0,0.900933124450589,切换观察<30；切换基金<5；收益观察<30；单基金观察占比>50%
宝盈基金,观察池,观察池,10,5,0.3,0.6,0.45589955513441455,切换观察<30
富安达基金,观察池,观察池,10,1,1.0,1.0,1.0,切换观察<30；切换基金<5；收益观察<30；单基金观察占比>50%
尚正基金,观察池,观察池,8,1,1.0,1.0,1.0,切换观察<30；切换基金<5；收益观察<30；单基金观察占比>50%
恒越基金,观察池,观察池,8,1,1.0,1.0,1.0,切换观察<30；切换基金<5；收益观察<30；单基金观察占比>50%
格林基金,观察池,观察池,12,2,0.5833333333333334,1.0,0.5930786279382181,切换观察<30；切换基金<5；收益观察<30；单基金观察占比>50%
永赢基金,观察池,观察池,12,2,0.75,1.0,0.7771105715033705,切换观察<30；切换基金<5；收益观察<30；单基金观察占比>50%
泰信基金,观察池,观察池,2,1,1.0,1.0,1.0,切换观察<30；切换基金<5；收益观察<30；单基金观察占比>50%
红塔红土,观察池,观察池,8,2,0.625,1.0,0.6594245489068193,切换观察<30；切换基金<5；收益观察<30；单基金观察占比>50%
诺安基金,观察池,观察池,4,1,1.0,1.0,1.0,切换观察<30；切换基金<5；收益观察<30；单基金观察占比>50%
汇添富基金,观察池,观察池,29,6,0.2413793103448276,0.4482758620689655,0.272758672835605,切换观察<30
摩根基金(中国),观察池,观察池,25,3,0.36,0.68,0.3909772784890612,切换观察<30；切换基金<5
兴证全球基金,观察池,观察池,21,4,0.38095238095238093,0.7142857142857143,0.4627001477235636,切换观察<30；切换基金<5
万家基金,观察池,观察池,22,5,0.36363636363636365,0.6818181818181818,0.3092187894600634,切换观察<30
东海基金,观察池,观察池,11,2,0.7272727272727273,1.0,0.9033118593963105,切换观察<30；切换基金<5；收益观察<30；单基金观察占比>50%
国投瑞银基金,观察池,观察池,20,3,0.5,0.8,0.7204604487645285,切换观察<30；切换基金<5
兴证资管,观察池,观察池,9,1,1.0,1.0,1.0,切换观察<30；切换基金<5；收益观察<30；单基金观察占比>50%
嘉实基金,观察池,观察池,9,2,0.5555555555555556,1.0,0.5435493603531886,切换观察<30；切换基金<5；收益观察<30；单基金观察占比>50%
华宝基金,观察池,观察池,7,3,0.5714285714285714,0.8571428571428571,0.6827052997374193,切换观察<30；切换基金<5；单基金观察占比>50%
国联安基金,观察池,观察池,7,1,1.0,1.0,1.0,切换观察<30；切换基金<5；收益观察<30；单基金观察占比>50%
财通资管,观察池,观察池,28,5,0.2857142857142857,0.5357142857142857,0.33540144012558903,切换观察<30
金鹰基金,观察池,观察池,26,4,0.34615384615384615,0.6153846153846154,0.3237596630378216,切换观察<30；切换基金<5
华安基金,观察池,观察池,22,4,0.36363636363636365,0.6363636363636364,0.35315767950168386,切换观察<30；切换基金<5
东吴基金,观察池,观察池,5,1,1.0,1.0,1.0,切换观察<30；切换基金<5；收益观察<30；单基金观察占比>50%
弘毅远方基金,观察池,观察池,5,1,1.0,1.0,1.0,切换观察<30；切换基金<5；收益观察<30；单基金观察占比>50%
中信保诚基金,观察池,观察池,23,7,0.17391304347826086,0.34782608695652173,0.4841960830771683,切换观察<30
泰康基金,观察池,观察池,13,3,0.38461538461538464,0.7692307692307693,0.43419599101817963,切换观察<30；切换基金<5
国新国证基金,观察池,观察池,8,1,1.0,1.0,1.0,切换观察<30；切换基金<5；收益观察<30；单基金观察占比>50%
海富通基金,观察池,观察池,8,3,0.375,0.75,0.43399616791652024,切换观察<30；切换基金<5
银河基金,观察池,观察池,11,2,0.6363636363636364,1.0,0.6276420841064237,切换观察<30；切换基金<5；收益观察<30；单基金观察占比>50%
中海基金,观察池,观察池,3,1,1.0,1.0,1.0,切换观察<30；切换基金<5；收益观察<30；单基金观察占比>50%
合煦智远基金,观察池,观察池,6,1,1.0,1.0,1.0,切换观察<30；切换基金<5；收益观察<30；单基金观察占比>50%
国海富兰克林基金,观察池,观察池,3,1,1.0,1.0,1.0,切换观察<30；切换基金<5；收益观察<30；单基金观察占比>50%
建信基金,观察池,观察池,6,1,1.0,1.0,1.0,切换观察<30；切换基金<5；收益观察<30；单基金观察占比>50%
英大基金,观察池,观察池,3,1,1.0,1.0,1.0,切换观察<30；切换基金<5；收益观察<30；单基金观察占比>50%
工银瑞信基金,观察池,观察池,28,5,0.32142857142857145,0.5714285714285714,0.39061783469583683,切换观察<30
华泰证券(上海)资产管理,观察池,观察池,11,2,0.5454545454545454,1.0,0.5588426585176478,切换观察<30；切换基金<5；收益观察<30；单基金观察占比>50%
红土创新基金,观察池,观察池,15,2,0.6,1.0,0.7625753054485811,切换观察<30；切换基金<5；收益观察<30；单基金观察占比>50%
新华基金,观察池,观察池,12,2,0.5833333333333334,1.0,0.555105548125976,切换观察<30；切换基金<5；收益观察<30；单基金观察占比>50%
诺德基金,观察池,观察池,4,1,1.0,1.0,1.0,切换观察<30；切换基金<5；收益观察<30；单基金观察占比>50%
交银施罗德基金,观察池,观察池,29,6,0.2413793103448276,0.4827586206896552,0.4364839010676814,切换观察<30
东方基金,观察池,观察池,17,4,0.35294117647058826,0.7058823529411765,0.4359420589769129,切换观察<30；切换基金<5
中银证券,观察池,观察池,9,1,1.0,1.0,1.0,切换观察<30；切换基金<5；收益观察<30；单基金观察占比>50%
上银基金,观察池,观察池,5,2,0.8,1.0,0.9292095634846654,切换观察<30；切换基金<5；收益观察<30；单基金观察占比>50%
太平基金,观察池,观察池,5,2,0.8,1.0,0.9755540268559362,切换观察<30；切换基金<5；收益观察<30；单基金观察占比>50%
圆信永丰基金,观察池,观察池,6,1,1.0,1.0,1.0,切换观察<30；切换基金<5；收益观察<30；单基金观察占比>50%
众盈基金,观察池,观察池,3,1,1.0,1.0,1.0,切换观察<30；切换基金<5；收益观察<30；单基金观察占比>50%
泓德基金,观察池,观察池,3,1,1.0,1.0,1.0,切换观察<30；切换基金<5；收益观察<30；单基金观察占比>50%
国联基金,观察池,观察池,0,0,,,,切换观察<30；切换基金<5；收益观察<30
