threshold,基金管理人简称,switch_observation_count,switch_unique_fund_count,switch_success_count,switch_hit_ratio,wilson_lower_95,wilson_upper_95,mean_active_contribution,median_active_contribution,threshold_rank
0.03,广发基金,122,18,76,0.6229508196721312,0.5344381181408694,0.7039570838946193,0.0015820238210859617,0.0005349760469542343,1.0
0.03,前海开源基金,26,4,18,0.6923076923076923,0.5001174167780164,0.8349868440453624,0.011903247915603272,0.002134552803168235,2.0
0.03,中邮基金,23,4,16,0.6956521739130435,0.49134243731240795,0.8439597554678597,0.0020445734282877413,0.0007031808174388732,3.0
0.03,东兴基金,10,1,8,0.8,0.49016247153664183,0.9433178485456247,0.010202682739870728,0.009083790022969166,4.0
0.03,农银汇理基金,10,2,8,0.8,0.49016247153664183,0.9433178485456247,0.005742069238060865,0.0007522634064822281,5.0
0.03,汇丰晋信基金,15,2,11,0.7333333333333333,0.4804956594401943,0.8910254667430761,0.004154987006804089,0.001859219049438786,6.0
0.03,财通基金,12,2,9,0.75,0.46769466506643426,0.9110583316059453,-0.0042673872426141094,0.0011335157306876396,7.0
0.03,华商基金,37,5,23,0.6216216216216216,0.46100430439217654,0.7593600082420173,0.001381424182223829,0.0010199610525937607,8.0
0.03,西部利得基金,14,3,10,0.7142857142857143,0.4535091567010681,0.8827862135542308,0.003410216952912743,0.0033398923116955428,9.0
0.03,浙商证券资管,9,1,7,0.7777777777777778,0.45258896910698887,0.9367748928821533,0.0022061669937390904,0.001316352479609846,10.0
0.03,景顺长城基金,40,8,24,0.6,0.44595893660346186,0.7365167431570808,0.0007315249594486977,0.0005026410547923298,11.0
0.03,鹏华基金,50,8,29,0.58,0.4423344176857823,0.7062499664528802,0.0014690559187616244,0.0005385764259109531,12.0
0.03,华夏基金,92,15,48,0.5217391304347826,0.4208569740212842,0.6208786177489061,0.00017609882528380974,0.0003578170497923712,13.0
0.03,兴银基金管理,17,3,11,0.6470588235294118,0.41300363485218694,0.8269027960275627,0.0005575595384361773,0.002648420309060463,14.0
0.03,易方达基金,85,14,44,0.5176470588235295,0.4129754550090092,0.6207925632093185,-0.0010220479918480758,0.00025169517334421704,15.0
0.03,鹏扬基金,23,4,14,0.6086956521739131,0.4078552239138171,0.7784237720752205,0.0019612285399190636,0.0013227134964193222,16.0
0.03,民生加银基金,23,4,14,0.6086956521739131,0.4078552239138171,0.7784237720752205,-0.00043014497881738514,0.0010385777237661897,17.0
0.03,安信基金,27,5,16,0.5925925925925926,0.4072670096806468,0.7548524292560443,0.0009530730007228943,0.0006286108504831081,18.0
0.03,博时基金,71,10,36,0.5070422535211268,0.39341308325020075,0.6199484948878713,-0.0001832532568600308,0.0001868274986237441,19.0
0.03,汇安基金,32,5,18,0.5625,0.3932559113685198,0.7183466888495963,0.0015411049302363703,0.0031509001687133557,20.0
0.03,长盛基金,28,5,16,0.5714285714285714,0.3907078562746876,0.734914528758763,0.008230649347997838,0.002256119821951341,21.0
0.03,招商基金,118,18,55,0.4661016949152542,0.3785871696717929,0.5557537346687152,-0.0012536094016107442,-0.00023226333146561065,22.0
0.03,创金合信基金,5,1,4,0.8,0.37553462976252533,0.9637758913675698,0.003828705569278628,0.0007277817809723031,23.0
0.03,南华基金,5,1,4,0.8,0.37553462976252533,0.9637758913675698,0.002062096498304539,0.001527746670360743,24.0
0.03,长城基金,5,1,4,0.8,0.37553462976252533,0.9637758913675698,0.0013239738047603465,0.0016742204297427645,25.0
0.03,浙商基金,23,3,13,0.5652173913043478,0.3681137508501646,0.743653646743258,0.002133859457032607,0.0006947283009331709,26.0
0.03,国泰基金,71,11,34,0.4788732394366197,0.36677523911181087,0.5931400264739731,-0.0011274688329415807,-0.0002791978867850951,27.0
0.03,光大保德信基金,21,4,12,0.5714285714285714,0.3654655436930671,0.7553003107462404,0.0035434866178445583,0.0006209694850548973,28.0
0.03,东方红资产管理,17,4,10,0.5882352941176471,0.3600544264299978,0.7838894320978518,-0.001923029413293377,0.000346704060635217,29.0
0.03,中银基金,37,7,19,0.5135135135135135,0.358948966656188,0.6655359569698336,-0.0015560593012823843,0.0013187155991881928,30.0
0.03,国寿安保基金,63,8,30,0.47619047619047616,0.3578212405382701,0.5972964356326276,6.966798915150778e-05,-0.00033839794333452084,31.0
0.03,宏利基金,13,2,8,0.6153846153846154,0.355228915126657,0.8229029220223743,-0.0030070215193610805,0.001723591471423794,32.0
0.03,天弘基金,26,5,14,0.5384615384615384,0.35457938746858797,0.7124414646960878,0.0038747851556045513,0.00036499901390933144,33.0
0.03,汇添富基金,38,6,19,0.5,0.34849928364395105,0.6515007163560489,-0.00019479101667467286,6.139573858208457e-05,34.0
0.03,兴证全球基金,31,4,16,0.5161290322580645,0.348403954480288,0.6802974843758269,-0.0014189944818313136,0.0001930301776967691,35.0
0.03,兴业基金,2,1,2,1.0,0.34238022750665303,1.0,0.0030719586697526367,0.0030719586697526367,36.0
0.03,华富基金,18,2,10,0.5555555555555556,0.33716415642042774,0.7544048187299437,0.001591274840086957,0.0005423353264743123,37.0
0.03,南方基金,32,7,16,0.5,0.33630882869327483,0.6636911713067252,0.0034443545634286823,0.00010638246778375086,38.0
0.03,平安基金,57,9,26,0.45614035087719296,0.3337260558309283,0.5840931402088065,-9.884723987998434e-05,-0.00020925897674351624,39.0
0.03,长信基金,57,8,26,0.45614035087719296,0.3337260558309283,0.5840931402088065,-0.0008542420603385469,-0.0003476552948707347,40.0
0.03,富国基金,70,9,31,0.44285714285714284,0.3324952890930533,0.55916448946812,-0.0001222632560098485,-0.00039601999550140587,41.0
0.03,大成基金,33,7,16,0.48484848484848486,0.32504042108133696,0.6478162455108585,-0.0006290825964155313,-0.00023930428264666543,42.0
0.03,银华基金,40,5,18,0.45,0.3070530781090492,0.6017090820106794,6.22046561502422e-05,-0.000490634579229152,43.0
0.03,同泰基金,4,1,3,0.75,0.30064184258240184,0.9544127391902995,0.0014997382647159913,0.0037038529351381753,44.0
0.03,华润元大基金,6,1,4,0.6666666666666666,0.299993315138392,0.9032285888942195,0.026941421281805707,0.0014395002325180155,45.0
0.03,浦银安盛基金,6,1,4,0.6666666666666666,0.299993315138392,0.9032285888942195,0.0029686331676218925,0.00085374680396454,46.0
0.03,国海富兰克林基金,6,1,4,0.6666666666666666,0.299993315138392,0.9032285888942195,0.0023386362700190404,0.0011096420174975196,47.0
0.03,财通资管,36,5,16,0.4444444444444444,0.2954126874008022,0.6041893824430271,0.0007818194532880988,-0.0003156124863544841,48.0
0.03,摩根基金(中国),28,3,13,0.4642857142857143,0.2953156998279538,0.6418731076553209,-0.004730068522412219,-0.0004897659199819357,49.0
0.03,格林基金,13,2,7,0.5384615384615384,0.29143795714506004,0.7679393219046169,0.0012174894757017224,0.0016581397558410411,50.0
0.03,泰康基金,21,3,10,0.47619047619047616,0.2834400610153417,0.6763046541715557,0.00024760562659721576,-0.0002176251641686906,51.0
0.03,红塔红土,11,2,6,0.5454545454545454,0.280091537409322,0.7872872837754024,0.002718515415217504,0.00019431689135720478,52.0
0.03,东海基金,16,2,8,0.5,0.27999563610326017,0.7200043638967398,0.002671390398189642,-0.0002757495195079211,53.0
0.03,宝盈基金,16,5,8,0.5,0.27999563610326017,0.7200043638967398,0.0014394532834417293,6.73257776756297e-05,54.0
0.03,信达澳亚基金,16,2,8,0.5,0.27999563610326017,0.7200043638967398,-0.003214156376445372,0.0004105574710608233,55.0
0.03,万家基金,35,5,15,0.42857142857142855,0.2798456817718068,0.5914258885602508,-0.0007651713865633684,-0.0005283078711193118,56.0
0.03,国投瑞银基金,25,3,11,0.44,0.26665638881067344,0.6293266813020123,0.0002419647479330847,-0.00022976793039753882,57.0
0.03,恒越基金,9,1,5,0.5555555555555556,0.26665129349549305,0.8112214789023355,0.004100556984534678,0.0020309996226852566,58.0
0.03,博道基金,9,1,5,0.5555555555555556,0.26665129349549305,0.8112214789023355,-0.002763532539970868,0.0008303668436630588,59.0
0.03,工银瑞信基金,37,5,15,0.40540540540540543,0.26346518192014284,0.5651403526977063,-0.001687153994921104,-0.0004465147778582431,60.0
0.03,华宝基金,12,3,6,0.5,0.2537815976337061,0.7462184023662939,-0.002944015551338158,-0.0002663498282564524,61.0
0.03,融通基金,51,7,19,0.37254901960784315,0.25320519466264424,0.5097478653114912,0.00033666207547380515,-0.00035897643712703715,62.0
0.03,前海联合,7,1,4,0.5714285714285714,0.2504583645276572,0.8417801447485302,-0.0004904140602604274,0.0006819635716653372,63.0
0.03,富安达基金,10,1,5,0.5,0.236593090512564,0.7634069094874361,0.0008834567942021347,0.0019155638490849988,64.0
0.03,兴证资管,10,1,5,0.5,0.236593090512564,0.7634069094874361,-0.0001507482947583051,-0.00012804497522199762,65.0
0.03,尚正基金,10,1,5,0.5,0.236593090512564,0.7634069094874361,-0.0030926946372094332,0.00016037120292174798,66.0
0.03,中欧基金,41,8,15,0.36585365853658536,0.23589831019689447,0.5187929891208799,-0.003439187009322344,-0.0025450250038256753,67.0
0.03,华安基金,25,4,10,0.4,0.23403302377747973,0.5926054264103301,-0.002458909963884327,-0.0016700633777454441,68.0
0.03,益民基金,5,1,3,0.6,0.2307242812760128,0.882379225767352,-0.0034108238302067912,0.0015376434078094511,69.0
0.03,金鹰基金,29,4,11,0.3793103448275862,0.2268802210080984,0.5599745579401147,0.0028473467860513782,-0.00045029039785587,70.0
0.03,交银施罗德基金,40,6,14,0.35,0.2213452887317629,0.5049411916274231,0.0006157854235310968,-0.0005300738313362154,71.0
0.03,中信保诚基金,30,7,11,0.36666666666666664,0.21873920806100708,0.5448643634520511,0.004645646656724118,-0.001778156940026011,72.0
0.03,华泰保兴基金,8,1,4,0.5,0.21521606221387757,0.7847839377861224,0.001054783122774617,0.00024030145291973864,73.0
0.03,弘毅远方基金,8,1,4,0.5,0.21521606221387757,0.7847839377861224,-0.0013811290044262662,-5.5171496469971854e-05,74.0
0.03,合煦智远基金,8,1,4,0.5,0.21521606221387757,0.7847839377861224,-0.003213466504727266,-0.00013010127453680204,75.0
0.03,永赢基金,14,2,6,0.42857142857142855,0.21380798904474121,0.6740935542034926,0.0003094706183179474,-0.0011451571291490564,76.0
0.03,太平基金,9,2,4,0.4444444444444444,0.18877852109766452,0.733348706504507,-0.0015978516707878861,-0.00029800471210455234,77.0
0.03,中海基金,6,1,3,0.5,0.1876163064826506,0.8123836935173494,-0.00219226708617259,8.6841329418302e-05,78.0
0.03,中金基金,6,1,3,0.5,0.1876163064826506,0.8123836935173494,-0.008438556112634376,-0.000825238141160152,79.0
0.03,海富通基金,14,3,5,0.35714285714285715,0.1634473175355414,0.612355768960926,0.0012723926875410085,-0.0005043985467073923,80.0
0.03,银河基金,14,2,5,0.35714285714285715,0.1634473175355414,0.612355768960926,-0.0030218465025159957,-0.0011105828528620372,81.0
0.03,嘉实基金,14,2,5,0.35714285714285715,0.1634473175355414,0.612355768960926,-0.00345313585890331,-0.0003384121728002277,82.0
0.03,英大基金,7,1,3,0.42857142857142855,0.15821985525146975,0.7495416354723428,-0.005778853327149882,-0.00022649823947285634,83.0
0.03,中加基金,11,2,4,0.36363636363636365,0.15166471095367573,0.6461988254921511,0.002629896506509008,-0.0004994387322601119,84.0
0.03,国新国证基金,8,1,3,0.375,0.13684428582359742,0.6942576053973727,-0.002905058225272781,-0.0006136416559471228,85.0
0.03,东吴基金,5,1,2,0.4,0.11762077423264783,0.769275718723987,0.0017573695156949134,-0.002609979627301792,86.0
0.03,新华基金,14,2,4,0.2857142857142857,0.11721378644576919,0.5464908432989318,-0.0031536707723792586,-0.002599064681151472,87.0
0.03,红土创新基金,15,2,4,0.26666666666666666,0.10897453325692374,0.5195043405598057,-0.004306698877538178,-0.0006295744854925113,88.0
0.03,华泰证券(上海)资产管理,15,2,4,0.26666666666666666,0.10897453325692374,0.5195043405598057,-0.00820865446632173,-0.002777494733045749,89.0
0.03,国联安基金,10,1,3,0.3,0.10779126740630099,0.6032218525388546,-0.0011445857207953004,-0.0022701750344906227,90.0
0.03,中银证券,10,1,3,0.3,0.10779126740630099,0.6032218525388546,-0.0018253410643134823,-0.0006227928459592784,91.0
0.03,东方基金,22,4,5,0.22727272727272727,0.10123039985248516,0.4343995317522171,-0.005508578679540636,-0.0030297193227812585,92.0
0.03,建信基金,6,1,2,0.3333333333333333,0.09677141110578041,0.700006684861608,-0.0030459056671056288,-0.004020339087032564,93.0
0.03,泰信基金,2,1,1,0.5,0.09453120573423074,0.9054687942657693,-1.9952402327335457e-05,-1.9952402327335457e-05,94.0
0.03,诺安基金,7,1,2,0.2857142857142857,0.08221892400405678,0.6410655481673808,0.003991287568760062,-0.0015670541328427778,95.0
0.03,圆信永丰基金,7,1,2,0.2857142857142857,0.08221892400405678,0.6410655481673808,-0.0023631132439124645,-0.0026331254704315805,96.0
0.03,诺德基金,4,1,1,0.25,0.04558726080970055,0.6993581574175981,-0.0017095077669822085,-0.0006405705980366677,97.0
0.03,上银基金,6,2,1,0.16666666666666666,0.030053369748306635,0.5635028221864702,-0.004144071252278571,-0.004393486175025366,98.0
0.03,众盈基金,3,1,0,0.0,5.551115123125783e-17,0.5614970317550454,-0.029504097156565823,-0.013438938277671276,99.0
0.03,泓德基金,4,1,0,0.0,0.0,0.4898908364545973,-0.007230860689871416,-0.003231635635107732,100.0
0.03,国联基金,0,0,0,,,,,,
0.05,广发基金,97,18,65,0.6701030927835051,0.5716272738928372,0.7556190827735929,0.002105753663447624,0.0006509132390251684,1.0
0.05,东兴基金,9,1,8,0.8888888888888888,0.5650002944233439,0.9801091123614551,0.011508283119397123,0.010483881268077831,2.0
0.05,农银汇理基金,8,2,7,0.875,0.5291118177871464,0.9775825085499433,0.0077628298493034095,0.0008032684320566138,3.0
0.05,浙商证券资管,8,1,7,0.875,0.5291118177871464,0.9775825085499433,0.002671885685745542,0.002204005966761918,4.0
0.05,中邮基金,17,4,13,0.7647058823529411,0.5273820188043501,0.9044495567791988,0.0029418423973499867,0.00089836125736634,5.0
0.05,前海开源基金,20,4,14,0.7,0.4810271816464765,0.8545227551323956,0.015146640211228335,0.002465506188673826,6.0
0.05,西部利得基金,12,3,9,0.75,0.46769466506643426,0.9110583316059453,0.003767972318645125,0.0034532551390977634,7.0
0.05,易方达基金,55,13,32,0.5818181818181818,0.45033103735230756,0.7026223424648965,-0.0007747519013787507,0.0005612616233336193,8.0
0.05,华商基金,33,5,20,0.6060606060606061,0.43683440819940234,0.7531689256552291,0.0014318643817076888,0.0010199610525937607,9.0
0.05,汇安基金,26,5,16,0.6153846153846154,0.4253485008511553,0.7757140556428721,0.0018161505881095078,0.0032981043854458623,10.0
0.05,景顺长城基金,31,8,18,0.5806451612903226,0.4076626249536972,0.7358445693268778,0.0007751584551516339,0.0006279778237712271,11.0
0.05,鹏华基金,38,8,21,0.5526315789473685,0.3970629712199248,0.6985359900194876,0.0015374700209195645,0.0005385764259109531,12.0
0.05,华夏基金,69,15,35,0.5072463768115942,0.39205267562636525,0.6216757699071268,9.162067440184925e-05,0.00034920028155052544,13.0
0.05,长盛基金,26,5,15,0.5769230769230769,0.3894861374659171,0.7445555668634343,0.00898701236815707,0.002256119821951341,14.0
0.05,安信基金,20,5,12,0.6,0.3865815007622531,0.781193467627183,0.001571832899631489,0.0006537464193599219,15.0
0.05,光大保德信基金,16,4,10,0.625,0.38641040545502714,0.8151876744113636,0.004590701357930176,0.0006806640966278875,16.0
0.05,浙商基金,18,3,11,0.6111111111111112,0.3861904160223791,0.7969475342783638,0.0024372513727412342,0.0007004841409133749,17.0
0.05,民生加银基金,18,3,11,0.6111111111111112,0.3861904160223791,0.7969475342783638,-0.0011315202380976907,0.0009587051186969132,18.0
0.05,博时基金,53,10,27,0.5094339622641509,0.3788352911467995,0.6387575015215675,-0.0002341960884826979,0.0003642420781935486,19.0
0.05,创金合信基金,5,1,4,0.8,0.37553462976252533,0.9637758913675698,0.003828705569278628,0.0007277817809723031,20.0
0.05,南方基金,17,7,10,0.5882352941176471,0.3600544264299978,0.7838894320978518,0.006490638102432288,0.0006256381472327131,21.0
0.05,鹏扬基金,15,3,9,0.6,0.357468301206246,0.8017550385865841,0.002444996925265631,0.0013227134964193222,22.0
0.05,汇丰晋信基金,11,2,7,0.6363636363636364,0.35380117450784887,0.8483352890463243,0.004444402743504466,0.000445404303914614,23.0
0.05,兴银基金管理,11,2,7,0.6363636363636364,0.35380117450784887,0.8483352890463243,6.46983429257497e-05,0.0028891012643330223,24.0
0.05,招商基金,91,18,41,0.45054945054945056,0.3523976853313362,0.5527071062660257,-0.0017727823456072686,-0.000590169149541236,25.0
0.05,大成基金,20,7,11,0.55,0.34208534245034233,0.7418021417443759,-0.0010630180887697157,0.0002846976095906465,26.0
0.05,中银基金,27,7,14,0.5185185185185185,0.3398561575495229,0.6925677302378153,-0.0024758542231853938,0.0013187155991881928,27.0
0.05,国寿安保基金,51,8,23,0.45098039215686275,0.3226751854937402,0.5861529144963119,-0.0004879058049621394,-0.0006369728123401752,28.0
0.05,平安基金,41,9,19,0.4634146341463415,0.32056233976336046,0.6125352873233052,-2.1977490222797492e-05,-0.0004145874081324744,29.0
0.05,华富基金,12,2,7,0.5833333333333334,0.31951131254954973,0.8067396863412435,0.002317735211381686,0.001681094015623012,30.0
0.05,长信基金,44,7,20,0.45454545454545453,0.31705234142220895,0.5993381680103802,-0.0007562755821598405,-0.0005132678506811724,31.0
0.05,汇添富基金,29,6,14,0.4827586206896552,0.3138609015268349,0.6556897811800528,-0.0006385070722698652,-0.0004063040925302475,32.0
0.05,富国基金,50,9,22,0.44,0.3116219921125717,0.5769397197834315,-0.00035007852003564083,-0.0005792737615289343,33.0
0.05,信达澳亚基金,15,2,8,0.5333333333333333,0.30116980025498397,0.7519046463426261,-0.003181743560144274,0.0010626085619312407,34.0
0.05,摩根基金(中国),25,3,12,0.48,0.30031285954112974,0.6650148304964322,-0.0049906122970874356,-0.00046785985451517476,35.0
0.05,中加基金,6,2,4,0.6666666666666666,0.299993315138392,0.9032285888942195,0.006953264102150581,0.002416398053698468,36.0
0.05,国泰基金,52,11,22,0.4230769230769231,0.2986805208350091,0.5580567462609698,-0.0020148992832941647,-0.0005460784895643336,37.0
0.05,融通基金,36,7,16,0.4444444444444444,0.2954126874008022,0.6041893824430271,0.0013381835517070372,-0.0003446837421937288,38.0
0.05,天弘基金,18,5,9,0.5,0.29031021505169974,0.7096897849483003,0.005206445934338203,9.031524776336171e-05,39.0
0.05,兴证全球基金,21,4,10,0.47619047619047616,0.2834400610153417,0.6763046541715557,-0.0016968831848138569,-0.0007302348690805281,40.0
0.05,万家基金,22,5,10,0.45454545454545453,0.2692029418081331,0.6534020467926505,-0.000725730375731396,-0.00041240890966483224,41.0
0.05,财通资管,28,5,12,0.42857142857142855,0.26508547124123694,0.6092921437253123,0.0010095232019763296,-0.000799929271149497,42.0
0.05,国投瑞银基金,20,3,9,0.45,0.2581978582556243,0.6579146575496577,0.0003075284718467927,-0.0007805975302669365,43.0
0.05,银华基金,35,5,14,0.4,0.2555072885938059,0.5642729098710749,-0.0002034413735784986,-0.0006324568285324629,44.0
0.05,金鹰基金,26,4,11,0.4230769230769231,0.2554444331365656,0.6105138625340828,0.0036737087978966545,-0.00037848618245993397,45.0
0.05,永赢基金,12,2,6,0.5,0.2537815976337061,0.7462184023662939,0.001212380856725978,-0.00011485972234425438,46.0
0.05,格林基金,12,2,6,0.5,0.2537815976337061,0.7462184023662939,0.0011775829606033448,0.0006205314659834193,47.0
0.05,前海联合,7,1,4,0.5714285714285714,0.2504583645276572,0.8417801447485302,-0.0004904140602604274,0.0006819635716653372,48.0
0.05,博道基金,7,1,4,0.5714285714285714,0.2504583645276572,0.8417801447485302,-0.0037290408129704647,0.0008303668436630588,49.0
0.05,财通基金,7,2,4,0.5714285714285714,0.2504583645276572,0.8417801447485302,-0.008205897034261589,0.002585129431134509,50.0
0.05,宝盈基金,10,5,5,0.5,0.236593090512564,0.7634069094874361,0.0030714907418832706,0.00016160550998512723,51.0
0.05,富安达基金,10,1,5,0.5,0.236593090512564,0.7634069094874361,0.0008834567942021347,0.0019155638490849988,52.0
0.05,宏利基金,10,2,5,0.5,0.236593090512564,0.7634069094874361,-0.005120370730331279,0.0003046432486414085,53.0
0.05,华安基金,22,4,9,0.4090909090909091,0.2325581619647187,0.6126518152368488,-0.0027185634166444626,-0.0020145002278407894,54.0
0.05,华润元大基金,5,1,3,0.6,0.2307242812760128,0.882379225767352,0.03228867831112343,0.002673864329818933,55.0
0.05,浦银安盛基金,5,1,3,0.6,0.2307242812760128,0.882379225767352,0.003471082594630781,0.0012511075753516292,56.0
0.05,益民基金,5,1,3,0.6,0.2307242812760128,0.882379225767352,-0.0034108238302067912,0.0015376434078094511,57.0
0.05,中信保诚基金,23,7,9,0.391304347826087,0.22157622792477952,0.592144776086183,0.006376969525949422,-0.0019229255131006315,58.0
0.05,恒越基金,8,1,4,0.5,0.21521606221387757,0.7847839377861224,0.004359251654765856,0.00011719132327023187,59.0
0.05,红塔红土,8,2,4,0.5,0.21521606221387757,0.7847839377861224,0.0041378078760443615,8.670038408706163e-05,60.0
0.05,尚正基金,8,1,4,0.5,0.21521606221387757,0.7847839377861224,-0.003823398621963822,0.00016037120292174798,61.0
0.05,东海基金,11,2,5,0.45454545454545453,0.21271271622459764,0.719908462590678,0.0032435324337404562,-0.0007880716011078979,62.0
0.05,长城基金,3,1,2,0.6666666666666666,0.2076596008020477,0.9385080552796037,0.0016060351377710546,0.0029264027568762663,63.0
0.05,兴业基金,1,1,1,1.0,0.20654931437723745,1.0,0.002499004340843371,0.002499004340843371,64.0
0.05,兴证资管,9,1,4,0.4444444444444444,0.18877852109766452,0.733348706504507,-0.00018245268669685988,-0.00039068118313268256,65.0
0.05,嘉实基金,9,2,4,0.4444444444444444,0.18877852109766452,0.733348706504507,-0.0055362802896833105,-0.0003140241317965509,66.0
0.05,华泰保兴基金,6,1,3,0.5,0.1876163064826506,0.8123836935173494,0.00113100855135958,-0.002162769277763007,67.0
0.05,东方红资产管理,6,4,3,0.5,0.1876163064826506,0.8123836935173494,-0.005411676309454552,-0.0013184506538565168,68.0
0.05,工银瑞信基金,28,5,9,0.32142857142857145,0.1793324692249496,0.5066115681914238,-0.0025492897141633198,-0.00064408610700262,69.0
0.05,泰康基金,13,3,5,0.38461538461538464,0.17709707797762575,0.6447710848733431,-0.00020862457701537165,-0.0005684136802878518,70.0
0.05,中欧基金,34,7,10,0.29411764705882354,0.1683463067042242,0.4616890979471443,-0.004286748271464829,-0.0037026350272907783,71.0
0.05,国联安基金,7,1,3,0.42857142857142855,0.15821985525146975,0.7495416354723428,-0.0003682256599138889,-0.004138297748084792,72.0
0.05,华宝基金,7,3,3,0.42857142857142855,0.15821985525146975,0.7495416354723428,-0.004054775642452292,-0.0007660859184748451,73.0
0.05,银河基金,11,2,4,0.36363636363636365,0.15166471095367573,0.6461988254921511,-0.003267193669590175,-0.0010749099209981414,74.0
0.05,诺安基金,4,1,2,0.5,0.15003898915214947,0.8499610108478506,0.010288197396419375,0.0031510610418275303,75.0
0.05,中金基金,4,1,2,0.5,0.15003898915214947,0.8499610108478506,-0.012245215098371488,-0.003799859742360659,76.0
0.05,海富通基金,8,3,3,0.375,0.13684428582359742,0.6942576053973727,0.003046232422855941,-0.0016975178363866229,77.0
0.05,国新国证基金,8,1,3,0.375,0.13684428582359742,0.6942576053973727,-0.002905058225272781,-0.0006136416559471228,78.0
0.05,交银施罗德基金,29,6,7,0.2413793103448276,0.12218422442520088,0.42107601617811335,0.0005005171022944519,-0.0007979748511909229,79.0
0.05,东吴基金,5,1,2,0.4,0.11762077423264783,0.769275718723987,0.0017573695156949134,-0.002609979627301792,80.0
0.05,弘毅远方基金,5,1,2,0.4,0.11762077423264783,0.769275718723987,-0.00321027512015023,-0.003709602270128944,81.0
0.05,红土创新基金,15,2,4,0.26666666666666666,0.10897453325692374,0.5195043405598057,-0.004306698877538178,-0.0006295744854925113,82.0
0.05,华泰证券(上海)资产管理,11,2,3,0.2727272727272727,0.09746059290024889,0.5656453011761291,-0.010860179823910764,-0.0056683858759935726,83.0
0.05,建信基金,6,1,2,0.3333333333333333,0.09677141110578041,0.700006684861608,-0.0030459056671056288,-0.004020339087032564,84.0
0.05,合煦智远基金,6,1,2,0.3333333333333333,0.09677141110578041,0.700006684861608,-0.004665713215738131,-0.003805986796048919,85.0
0.05,东方基金,17,4,4,0.23529411764705882,0.09555044322080117,0.4726179811956498,-0.006331034108081729,-0.0031208415950515194,86.0
0.05,南华基金,2,1,1,0.5,0.09453120573423074,0.9054687942657693,0.0033987158373992013,0.0033987158373992013,87.0
0.05,泰信基金,2,1,1,0.5,0.09453120573423074,0.9054687942657693,-1.9952402327335457e-05,-1.9952402327335457e-05,88.0
0.05,同泰基金,2,1,1,0.5,0.09453120573423074,0.9054687942657693,-0.0007043764057061922,-0.0007043764057061922,89.0
0.05,新华基金,12,2,3,0.25,0.08894166839405471,0.5323053349335657,-0.0038431323681104687,-0.004029546256473272,90.0
0.05,中银证券,9,1,2,0.2222222222222222,0.06322510711784671,0.5474110308930111,-0.002204825582068656,-0.0006748059362257223,91.0
0.05,国海富兰克林基金,3,1,1,0.3333333333333333,0.06149194472039621,0.7923403991979522,0.0031498849787512107,-0.0005525024715032665,92.0
0.05,中海基金,3,1,1,0.3333333333333333,0.06149194472039621,0.7923403991979522,-0.00803150366777017,-0.003354661139764651,93.0
0.05,英大基金,3,1,1,0.3333333333333333,0.06149194472039621,0.7923403991979522,-0.015897983543341685,-0.0029524342519415495,94.0
0.05,诺德基金,4,1,1,0.25,0.04558726080970055,0.6993581574175981,-0.0017095077669822085,-0.0006405705980366677,95.0
0.05,太平基金,5,2,1,0.2,0.03622410863243014,0.6244653702374747,-0.0025265501644277416,-0.0006115122552287897,96.0
0.05,上银基金,5,2,1,0.2,0.03622410863243014,0.6244653702374747,-0.0036666983855166506,-0.003950927852970427,97.0
0.05,圆信永丰基金,6,1,1,0.16666666666666666,0.030053369748306635,0.5635028221864702,-0.0037759376957444205,-0.0028376254497186823,98.0
0.05,泓德基金,3,1,0,0.0,5.551115123125783e-17,0.5614970317550454,-0.007996698247468612,-0.001529923253135636,99.0
0.05,众盈基金,3,1,0,0.0,5.551115123125783e-17,0.5614970317550454,-0.029504097156565823,-0.013438938277671276,100.0
0.05,国联基金,0,0,0,,,,,,
0.1,东兴基金,6,1,6,1.0,0.6096657120978346,1.0,0.014810378806070968,0.010970052822680536,1.0
0.1,广发基金,44,17,31,0.7045454545454546,0.5577979987383977,0.8184447088149512,0.002829959534379659,0.0008941648231379039,2.0
0.1,前海开源基金,16,4,12,0.75,0.5050168346449122,0.8981793250878696,0.018482341508894513,0.0031812425351020433,3.0
0.1,汇安基金,7,4,6,0.8571428571428571,0.4868721707256811,0.9743203756552565,0.0047727505237714265,0.0050561582475641105,4.0
0.1,华润元大基金,3,1,3,1.0,0.4385029682449546,1.0,0.057701998984071357,0.03698927788157873,5.0
0.1,长盛基金,17,5,11,0.6470588235294118,0.41300363485218694,0.8269027960275627,0.013920141542775176,0.007965479758858302,6.0
0.1,景顺长城基金,17,7,11,0.6470588235294118,0.41300363485218694,0.8269027960275627,-0.00013824647443708843,0.0009378525943801939,7.0
0.1,金鹰基金,10,4,7,0.7,0.39677814746114537,0.8922087325936989,0.014424821714380698,0.006764727190946956,8.0
0.1,华商基金,22,5,13,0.5909090909090909,0.3873481847631513,0.7674418380352814,0.0012731378453316072,0.0010401363485337365,9.0
0.1,中银基金,18,6,11,0.6111111111111112,0.3861904160223791,0.7969475342783638,-0.0027341567122293148,0.0031456743001492572,10.0
0.1,汇丰晋信基金,5,2,4,0.8,0.37553462976252533,0.9637758913675698,0.010968512418453416,0.012625077360591552,11.0
0.1,浙商证券资管,5,1,4,0.8,0.37553462976252533,0.9637758913675698,0.0007725418288301112,0.00094009462997322,12.0
0.1,博时基金,27,9,15,0.5555555555555556,0.3731302451322448,0.72414141822977,0.0006786260107401745,0.0006182456377460418,13.0
0.1,华夏基金,38,14,20,0.5263157894736842,0.3725897138449667,0.6752097667747392,0.0009760858627101097,0.0007658316697285339,14.0
0.1,中邮基金,7,3,5,0.7142857142857143,0.35893445183261935,0.9177810759959433,0.003950092794498392,0.0007031808174388732,15.0
0.1,天弘基金,13,5,8,0.6153846153846154,0.355228915126657,0.8229029220223743,0.00871875652920891,0.005444855530524503,16.0
0.1,西部利得基金,9,3,6,0.6666666666666666,0.3542021355803963,0.879416181613089,0.001599409074137078,0.0011110908610024648,17.0
0.1,招商基金,47,16,23,0.48936170212765956,0.3527555503368215,0.6275754625177314,-0.002534968135087913,-0.000590169149541236,18.0
0.1,易方达基金,23,10,12,0.5217391304347826,0.32962737336427406,0.7076284258335335,-0.003933036023783328,0.0005835792638987753,19.0
0.1,南方基金,8,6,5,0.625,0.30574239460262737,0.8631557141764026,0.01547872450575281,0.016684168573001985,20.0
0.1,格林基金,8,2,5,0.625,0.30574239460262737,0.8631557141764026,0.0027216572869306864,0.001658558178384924,21.0
0.1,民生加银基金,8,3,5,0.625,0.30574239460262737,0.8631557141764026,-0.003456988848339438,0.00618804903346383,22.0
0.1,海富通基金,4,3,3,0.75,0.30064184258240184,0.9544127391902995,0.011861315526394162,0.011915868258044585,23.0
0.1,农银汇理基金,4,2,3,0.75,0.30064184258240184,0.9544127391902995,0.009563414658694645,0.0008032684320566138,24.0
0.1,前海联合,6,1,4,0.6666666666666666,0.299993315138392,0.9032285888942195,0.001525534577006533,0.002806449669953269,25.0
0.1,富国基金,31,9,14,0.45161290322580644,0.29161735980520015,0.6222783236264549,-0.00010461226013565926,-0.0005821290116703894,26.0
0.1,光大保德信基金,13,4,7,0.5384615384615384,0.29143795714506004,0.7679393219046169,0.004817638211854747,0.0005505917275895552,27.0
0.1,信达澳亚基金,11,2,6,0.5454545454545454,0.280091537409322,0.7872872837754024,-0.00455684345436953,0.0010626085619312407,28.0
0.1,鹏华基金,16,7,8,0.5,0.27999563610326017,0.7200043638967398,0.0007934846455558697,-0.0016090565370112959,29.0
0.1,平安基金,24,9,11,0.4583333333333333,0.2789133373121099,0.6492513464108051,-0.0012242981072966691,-0.0007281704306277852,30.0
0.1,国寿安保基金,24,8,11,0.4583333333333333,0.2789133373121099,0.6492513464108051,-0.0028518497503714157,-0.0010668517318950907,31.0
0.1,浙商基金,9,3,5,0.5555555555555556,0.26665129349549305,0.8112214789023355,0.0036345623628123566,0.0006947283009331709,32.0
0.1,安信基金,9,5,5,0.5555555555555556,0.26665129349549305,0.8112214789023355,-0.0009191461349110917,0.00046568744467793337,33.0
0.1,万家基金,12,4,6,0.5,0.2537815976337061,0.7462184023662939,-1.678711998269611e-05,0.002425542586681854,34.0
0.1,恒越基金,7,1,4,0.5714285714285714,0.2504583645276572,0.8417801447485302,0.005536388368560242,0.00203703149085708,35.0
0.1,华富基金,7,1,4,0.5714285714285714,0.2504583645276572,0.8417801447485302,0.0034691446482840627,0.0006951112285171734,36.0
0.1,长信基金,24,7,10,0.4166666666666667,0.24467602609811764,0.6116533413477124,-0.001688807114259677,-0.002076749369345333,37.0
0.1,东海基金,10,2,5,0.5,0.236593090512564,0.7634069094874361,0.0038640524691844398,-0.00015366134095695934,38.0
0.1,国泰基金,35,11,13,0.37142857142857144,0.2316581950336571,0.5366306315640468,-0.0033128773243864752,-0.0015089253641775158,39.0
0.1,中信保诚基金,16,7,7,0.4375,0.23098652405492354,0.6682144360118811,0.010770711575559255,-0.001377850185048812,40.0
0.1,宝盈基金,5,3,3,0.6,0.2307242812760128,0.882379225767352,0.006242099012767834,0.007877326522315639,41.0
0.1,浦银安盛基金,5,1,3,0.6,0.2307242812760128,0.882379225767352,0.003471082594630781,0.0012511075753516292,42.0
0.1,中加基金,3,1,2,0.6666666666666666,0.2076596008020477,0.9385080552796037,0.015054255845478157,0.005144929091863044,43.0
0.1,诺安基金,3,1,2,0.6666666666666666,0.2076596008020477,0.9385080552796037,0.013792713594010707,0.0065274732800096776,44.0
0.1,兴证资管,3,1,2,0.6666666666666666,0.2076596008020477,0.9385080552796037,0.0007055383533417555,0.004755245686892827,45.0
0.1,中金基金,3,1,2,0.6666666666666666,0.2076596008020477,0.9385080552796037,-0.01341064291380979,0.0011492121673352606,46.0
0.1,银华基金,21,5,8,0.38095238095238093,0.20751011368564493,0.5912134622488425,-0.0009497772643026336,-0.0020010905671458616,47.0
0.1,国海富兰克林基金,1,1,1,1.0,0.20654931437723745,1.0,0.012846184424987321,0.012846184424987321,48.0
0.1,弘毅远方基金,1,1,1,1.0,0.20654931437723745,1.0,0.004806800436643139,0.004806800436643139,49.0
0.1,泰信基金,1,1,1,1.0,0.20654931437723745,1.0,0.0024175276307496847,0.0024175276307496847,50.0
0.1,博道基金,1,1,1,1.0,0.20654931437723745,1.0,0.0008303668436630588,0.0008303668436630588,51.0
0.1,摩根基金(中国),18,3,7,0.3888888888888889,0.2030524657216362,0.613809583977621,-0.0074591932274056015,-0.0008214108209225269,52.0
0.1,国投瑞银基金,12,3,5,0.4166666666666667,0.19326031365875665,0.6804886874504503,0.0003656370361794922,-0.0022676309804694475,53.0
0.1,永赢基金,9,2,4,0.4444444444444444,0.18877852109766452,0.733348706504507,0.0016579636382498377,-0.0009583417789250045,54.0
0.1,鹏扬基金,6,3,3,0.5,0.1876163064826506,0.8123836935173494,0.0027638275446581675,0.00035336060231856643,55.0
0.1,工银瑞信基金,16,5,6,0.375,0.18481232558863633,0.6135895945449727,-0.002724287449828684,-0.00064408610700262,56.0
0.1,融通基金,13,6,5,0.38461538461538464,0.17709707797762575,0.6447710848733431,0.0014012314293075047,-0.0013631598989581975,57.0
0.1,中欧基金,22,6,7,0.3181818181818182,0.1636059318135624,0.5268140225895723,-0.004832930408260682,-0.0030148834079787292,58.0
0.1,宏利基金,7,2,3,0.42857142857142855,0.15821985525146975,0.7495416354723428,-0.007801620763881077,-0.0011143049741409769,59.0
0.1,财通资管,11,5,4,0.36363636363636365,0.15166471095367573,0.6461988254921511,0.0017289215466700632,-0.0011985455452359142,60.0
0.1,红塔红土,4,2,2,0.5,0.15003898915214947,0.8499610108478506,0.007115294840696575,-8.064165404772982e-05,61.0
0.1,华泰保兴基金,4,1,2,0.5,0.15003898915214947,0.8499610108478506,0.0022746983511386498,-0.002215524283532164,62.0
0.1,泰康基金,4,3,2,0.5,0.15003898915214947,0.8499610108478506,-9.451512972241823e-05,0.0020331570995312472,63.0
0.1,国新国证基金,4,1,2,0.5,0.15003898915214947,0.8499610108478506,-0.0006072710112812894,-5.455556037742222e-05,64.0
0.1,兴银基金管理,4,2,2,0.5,0.15003898915214947,0.8499610108478506,-0.00648906522769446,0.003595545499249486,65.0
0.1,银河基金,8,2,3,0.375,0.13684428582359742,0.6942576053973727,-0.0032221656879721657,-0.0011105828528620372,66.0
0.1,大成基金,8,6,3,0.375,0.13684428582359742,0.6942576053973727,-0.005581669498951529,-0.002806767221230758,67.0
0.1,汇添富基金,13,5,4,0.3076923076923077,0.12680703655710515,0.5763065681945096,-0.003147735331854825,-0.0009175807075205868,68.0
0.1,华安基金,13,4,4,0.3076923076923077,0.12680703655710515,0.5763065681945096,-0.004710384734245974,-0.003442738930637613,69.0
0.1,兴证全球基金,14,4,4,0.2857142857142857,0.11721378644576919,0.5464908432989318,-0.004281144918436923,-0.0012994229520710576,70.0
0.1,创金合信基金,2,1,1,0.5,0.09453120573423074,0.9054687942657693,0.0029157629167395277,0.0029157629167395277,71.0
0.1,同泰基金,2,1,1,0.5,0.09453120573423074,0.9054687942657693,-0.0007043764057061922,-0.0007043764057061922,72.0
0.1,富安达基金,2,1,1,0.5,0.09453120573423074,0.9054687942657693,-0.00770452346570267,-0.00770452346570267,73.0
0.1,新华基金,8,2,2,0.25,0.071479212752109,0.5907245696898311,-0.006575423632748646,-0.01017009820110852,74.0
0.1,东方基金,9,4,2,0.2222222222222222,0.06322510711784671,0.5474110308930111,-0.008418434276906576,-0.0031208415950515194,75.0
0.1,东吴基金,3,1,1,0.3333333333333333,0.06149194472039621,0.7923403991979522,0.0034993466993176897,-0.0070076874495431495,76.0
0.1,上银基金,3,2,1,0.3333333333333333,0.06149194472039621,0.7923403991979522,-0.0016933647840601535,-0.0014716390457374174,77.0
0.1,合煦智远基金,3,1,1,0.3333333333333333,0.06149194472039621,0.7923403991979522,-0.0027889686729467636,-0.0006146470626760875,78.0
0.1,建信基金,3,1,1,0.3333333333333333,0.06149194472039621,0.7923403991979522,-0.0036485138840906066,-0.007354947011705639,79.0
0.1,太平基金,3,1,1,0.3333333333333333,0.06149194472039621,0.7923403991979522,-0.003907744618268456,-0.0008947989743350201,80.0
0.1,益民基金,3,1,1,0.3333333333333333,0.06149194472039621,0.7923403991979522,-0.008006983506691663,-0.010298308792145681,81.0
0.1,东方红资产管理,3,3,1,0.3333333333333333,0.06149194472039621,0.7923403991979522,-0.01014623071849171,-0.015695533366314067,82.0
0.1,诺德基金,4,1,1,0.25,0.04558726080970055,0.6993581574175981,-0.0017095077669822085,-0.0006405705980366677,83.0
0.1,国联安基金,4,1,1,0.25,0.04558726080970055,0.6993581574175981,-0.002600570987816262,-0.004901630773706566,84.0
0.1,尚正基金,4,1,1,0.25,0.04558726080970055,0.6993581574175981,-0.01020196249047569,-0.01088578320480266,85.0
0.1,财通基金,4,2,1,0.25,0.04558726080970055,0.6993581574175981,-0.01651772663521808,-0.013856801114287233,86.0
0.1,交银施罗德基金,14,5,2,0.14285714285714285,0.040093921271464966,0.39941379496970353,0.00018313871489697957,-0.0012766430256250872,87.0
0.1,华泰证券(上海)资产管理,5,2,1,0.2,0.03622410863243014,0.6244653702374747,-0.019721227295835024,-0.013373911161539097,88.0
0.1,红土创新基金,3,2,0,0.0,5.551115123125783e-17,0.5614970317550454,-0.011291828591238394,-0.011485488692262806,89.0
0.1,嘉实基金,3,2,0,0.0,5.551115123125783e-17,0.5614970317550454,-0.020672724893087715,-0.022947345543779838,90.0
0.1,众盈基金,3,1,0,0.0,5.551115123125783e-17,0.5614970317550454,-0.029504097156565823,-0.013438938277671276,91.0
0.1,南华基金,1,1,0,0.0,0.0,0.7934506856227626,-0.0009508696322147966,-0.0009508696322147966,92.0
0.1,长城基金,1,1,0,0.0,0.0,0.7934506856227626,-0.0019447358810428656,-0.0019447358810428656,93.0
0.1,圆信永丰基金,1,1,0,0.0,0.0,0.7934506856227626,-0.004533831972451801,-0.004533831972451801,94.0
0.1,中银证券,1,1,0,0.0,0.0,0.7934506856227626,-0.0049628883264491615,-0.0049628883264491615,95.0
0.1,泓德基金,2,1,0,0.0,0.0,0.6576197724933469,-0.01186345100562204,-0.01186345100562204,96.0
0.1,华宝基金,2,2,0,0.0,0.0,0.6576197724933469,-0.017146613509457363,-0.017146613509457363,97.0
0.1,中海基金,1,1,0,0.0,0.0,0.7934506856227626,-0.021111472273719716,-0.021111472273719716,98.0
0.1,英大基金,1,1,0,0.0,0.0,0.7934506856227626,-0.0451601498124332,-0.0451601498124332,99.0
0.1,兴业基金,0,0,0,,,,,,
0.1,国联基金,0,0,0,,,,,,
