基金主代码,基金名称,基金管理人简称,投资风格,annualized_evaluation_pool,return_quarter_count,return_period_start,return_period_end,contribution_evaluation_pool,contribution_quarter_count,latest_valid_nav_yuan,annualized_fund_return,annualized_csi300_return,annualized_bond_return,annualized_three_asset_benchmark_return,annualized_loo_peer_return,annualized_excess_vs_three_asset,annualized_excess_vs_loo_peer,significant_switch_count,significant_switch_coverage,cumulative_active_allocation_contribution,annualized_active_allocation_contribution,annualized_excess_positive,annualized_allocation_contribution_positive
000065.OF,国富焦点驱动混合A,国海富兰克林基金,成长型,正式年化,13,2023Q1,2026Q1,正式贡献,12,42700000.0,0.04829574339698861,0.06555749968804503,0.043099338066887816,0.04787931423040548,0.053415216085514805,0.0004164291665831321,-0.005119472688526194,3,0.25,0.009407614009612653,0.0031260887226736145,True,True
000110.OF,金鹰元安混合A,金鹰基金,收入型,正式年化,8,2023Q2,2026Q1,正式贡献,12,16230000.0,0.08591723408682683,0.21861618662409454,0.03861480050555999,0.08133101483170257,0.05394500969844018,0.0045862192551242575,0.03197222438838665,9,0.75,-0.0358849051189597,-0.012107638305629442,True,False
000165.OF,国投瑞银策略精选混合,国投瑞银基金,成长型,正式年化,10,2023Q1,2025Q4,正式贡献,9,844360000.0,0.1095284331752937,0.056287842812150046,0.04630776572612083,0.04231750300017145,0.052587040405719376,0.06721093017512225,0.05694139276957433,6,0.6666666666666666,-0.03237849413666316,-0.014522088807236377,True,False
000195.OF,工银成长收益混合A,工银瑞信基金,成长型,正式年化,11,2023Q1,2026Q1,正式贡献,12,66350000.0,0.05097750253385658,0.07446173731570993,0.03710938823439203,0.07331483564650454,0.06233984516582236,-0.02233733311264796,-0.011362342631965783,6,0.5,-0.02623627959593844,-0.008823043685339593,False,False
000214.OF,广发成长优选混合,广发基金,成长型,正式年化,12,2023Q1,2026Q1,正式贡献,12,176370000.0,0.1059799929237426,0.09745496269582743,0.041933381663660674,0.11635303263469265,0.06474595443274267,-0.01037303971095005,0.041234038490999936,5,0.4166666666666667,-0.003461251822712841,-0.0011550843136304279,False,False
000219.OF,博时裕益混合A,博时基金,成长型,年化观察池,7,2023Q1,2026Q1,贡献观察池,7,412680000.0,,,,,,,,3,0.42857142857142855,0.010363261946758628,,,
000259.OF,农银区间收益混合,农银汇理基金,成长型,正式年化,13,2023Q1,2026Q1,正式贡献,12,307530000.0,0.1280655562806774,0.06555749968804503,0.043099338066887816,0.04868948148743946,0.053864963297588275,0.07937607479323794,0.07420059298308912,4,0.3333333333333333,0.0062844645164323865,0.0020904484855377437,True,True
000273.OF,华润元大安鑫灵活配置混合A,华润元大基金,成长型,年化观察池,6,2023Q2,2025Q1,贡献观察池,7,8190000.0,,,,,,,,5,0.7142857142857143,0.16480030653869382,,,
000314.OF,招商瑞丰混合发起式A,招商基金,成长型,正式年化,12,2023Q1,2026Q1,正式贡献,12,34750000.0,0.05598252232804746,0.09745496269582743,0.041933381663660674,0.108882627444572,0.06411732857950625,-0.05290010511652454,-0.008134806251458793,3,0.25,0.00589969388941558,0.0019627098794643416,False,True
000417.OF,国联安新精选混合A,国联安基金,成长型,正式年化,12,2023Q1,2026Q1,正式贡献,12,26899999.999999996,-0.008005921851877096,0.07868490866688593,0.03722431868323661,0.048190911982067375,0.05784356760782039,-0.05619683383394447,-0.06584948945969749,7,0.5833333333333334,-0.002741228108074756,-0.0009145789022587669,False,False
000511.OF,国泰国策驱动灵活配置混合A,国泰基金,成长型,正式年化,11,2023Q1,2026Q1,正式贡献,12,108570000.0,-0.051926329354929024,0.12283664814165896,0.042709383466235096,0.06947521585550764,0.07167899080554263,-0.12140154521043667,-0.12360532016047165,8,0.6666666666666666,-0.026238356101573657,-0.00882374823202281,False,False
000526.OF,国泰浓益灵活配置混合A,国泰基金,成长型,正式年化,10,2023Q1,2025Q3,正式贡献,12,64340000.0,0.0759044448550612,0.04208827409250815,0.03972334792930998,0.04565161233932713,0.04715316459964858,0.030252832515734074,0.028751280255412626,6,0.5,-0.03827649491393348,-0.012925171947815506,True,False
000530.OF,招商丰盛稳定增长混合A,招商基金,成长型,正式年化,8,2023Q1,2025Q4,正式贡献,10,29930000.0,-0.13419126427962713,-0.10835725017235354,0.0400579733960118,-0.04810688420992826,-0.010214651199009439,-0.08608438006969887,-0.12397661308061769,6,0.6,0.02211240352180055,0.00878696858283945,False,True
000567.OF,广发聚祥灵活混合,广发基金,成长型,正式年化,13,2023Q1,2026Q1,正式贡献,12,77460000.0,-0.05591086378388577,0.06555749968804503,0.043099338066887816,0.03556894452623882,0.05351021699996683,-0.09147980831012459,-0.1094210807838526,2,0.16666666666666666,-0.02928615662102274,-0.009858931309031593,False,False
000573.OF,天弘通利混合A,天弘基金,成长型,正式年化,13,2023Q1,2026Q1,正式贡献,12,542770000.0,0.14271301639923162,0.06555749968804503,0.043099338066887816,0.06570593342263731,0.05329075115725579,0.07700708297659431,0.08942226524197583,3,0.25,-0.00912947473333603,-0.0030524663145437003,True,False
000590.OF,华安新活力灵活配置混合A,华安基金,成长型,年化观察池,5,2023Q4,2026Q1,正式贡献,12,32060000.0,,,,,,,,8,0.6666666666666666,-0.030506758739094586,-0.010274115526403227,,False
000597.OF,中海积极收益混合,中海基金,成长型,正式年化,13,2023Q1,2026Q1,正式贡献,12,52130000.0,0.04612064182751685,0.06555749968804503,0.043099338066887816,0.039232860557526505,0.05419573498525865,0.006887781269990345,-0.008075093157741797,3,0.25,-0.02403275501215618,-0.008075963956542531,True,False
000679.OF,招商丰利灵活配置混合A,招商基金,成长型,正式年化,13,2023Q1,2026Q1,正式贡献,12,25720000.0,0.014397507561951794,0.06555749968804503,0.043099338066887816,0.09319364145338871,0.05370730904425569,-0.07879613389143691,-0.0393098014823039,5,0.4166666666666667,-0.023056852517774007,-0.007745454685595843,False,False
000743.OF,红塔红土盛世普益混合发起式,红塔红土,成长型,年化观察池,1,2025Q1,2025Q1,正式贡献,12,55620000.0,,,,,,,,5,0.4166666666666667,0.001064029966619806,0.000354550934318576,,True
000822.OF,东海美丽中国A,东海基金,成长型,正式年化,10,2023Q1,2026Q1,正式贡献,12,23500000.0,0.027381229050777556,0.13087096743321136,0.03859597028658923,0.015855011700963262,0.0773583090994534,0.011526217349814294,-0.04997708004867585,8,0.6666666666666666,0.04807128809674999,0.01577364657003666,True,True
000841.OF,富国新回报灵活配置混合A/B,富国基金,成长型,正式年化,9,2023Q1,2025Q3,正式贡献,12,55279999.99999999,0.0224080178908741,0.11594263448828235,0.04378198402219913,0.05266721595517687,0.07248725150050728,-0.030259198064302772,-0.05007923360963318,4,0.3333333333333333,-0.029835328397954664,-0.010045687377903123,False,False
000894.OF,中欧睿达6个月持有混合A,中欧基金,收入型,年化观察池,5,2023Q1,2026Q1,贡献观察池,7,247040000.00000003,,,,,,,,0,0.0,0.0,,,
000986.OF,太平灵活配置,太平基金,成长型,正式年化,11,2023Q1,2025Q4,正式贡献,12,264780000.00000003,-0.11518594205455746,-0.019811963824080903,0.04322388557329582,-0.010066622224262245,0.028063020866647692,-0.10511931983029521,-0.14324896292120515,4,0.3333333333333333,-0.01211330137397204,-0.004054181298629889,False,False
001110.OF,中欧瑾泉灵活配置混合A,中欧基金,成长型,正式年化,13,2023Q1,2026Q1,正式贡献,12,328790000.0,0.04530354681490678,0.06555749968804503,0.043099338066887816,0.09437009763263204,0.05304125538509363,-0.04906655081772526,-0.007737708570186852,2,0.16666666666666666,-0.06415610382585646,-0.021859734037620093,False,False
001115.OF,广发聚安混合A,广发基金,收入型,正式年化,10,2023Q1,2026Q1,正式贡献,12,49730000.0,0.04497954873740939,0.07062077580955783,0.04396542046851559,0.042345859742448866,0.04095662594666205,0.0026336889949605258,0.004022922790747341,3,0.25,0.00908227306413023,0.003018305023741341,True,True
001122.OF,鹏华弘利混合A,鹏华基金,成长型,年化观察池,6,2023Q1,2024Q2,正式贡献,12,3489410000.0,,,,,,,,8,0.6666666666666666,0.008369458068032687,0.0027820722523159702,,True
001136.OF,易方达裕如混合A,易方达基金,成长型,正式年化,8,2023Q2,2026Q1,正式贡献,12,53669999.99999999,0.22580298378848118,0.09087195879089349,0.030851215616217953,0.051798103568875487,0.07640063245718198,0.1740048802196057,0.1494023513312992,3,0.25,0.008219465468849885,0.002732349290640812,True,True
001146.OF,中欧瑾源灵活配置混合A,中欧基金,成长型,年化观察池,7,2023Q1,2026Q1,贡献观察池,7,125820000.0,,,,,,,,2,0.2857142857142857,-0.007451887398833179,,,
001172.OF,鹏华弘泽混合A,鹏华基金,成长型,正式年化,10,2023Q1,2026Q1,正式贡献,12,81840000.0,0.13212251139688624,0.13697552277251668,0.04483203806174707,0.0933635197585514,0.07549648390102481,0.03875899163833485,0.05662602749586143,6,0.5,-0.07700316029879606,-0.02635627026109688,True,False
001194.OF,景顺长城稳健回报混合A,景顺长城基金,成长型,正式年化,12,2023Q1,2026Q1,正式贡献,12,5322720000.0,0.7974414943582457,0.060364502188504865,0.03992946359822813,0.10729223363561591,0.05594209319361987,0.6901492607226298,0.7414994011646259,3,0.25,0.0006064679186752464,0.00020211511961809592,True,True
001231.OF,银华泰利灵活配置混合A,银华基金,成长型,正式年化,8,2023Q1,2025Q4,正式贡献,12,351849999.99999994,-0.02015441737833823,-0.0766819118487505,0.04876414966365439,0.007314544150360369,-0.005304774930144696,-0.0274689615286986,-0.014849642448193534,8,0.6666666666666666,-0.02560292435750433,-0.008608196541402657,False,False
001250.OF,天弘新活力混合发起A,天弘基金,成长型,正式年化,12,2023Q2,2026Q1,正式贡献,12,60339999.99999999,0.01871906900025322,0.09024424329459757,0.04099452144150506,0.09955364384749443,0.060233875561591654,-0.08083457484724121,-0.041514806561338435,4,0.3333333333333333,-0.002850618722776588,-0.0009511105654380625,False,False
001254.OF,宏利新起点混合A,宏利基金,成长型,正式年化,8,2023Q4,2026Q1,正式贡献,12,59550000.0,0.17523394041239815,0.23021588019635586,0.04408588645434541,0.0596753919408477,0.10901292504746207,0.11555854847155045,0.06622101536493608,8,0.6666666666666666,-0.0467930552426723,-0.015847501727199398,True,False
001265.OF,国泰兴益灵活配置混合A,国泰基金,成长型,正式年化,10,2023Q2,2026Q1,正式贡献,12,79270000.0,0.14445427290377055,0.14751112521487553,0.04614501785588354,0.12509213037588762,0.07980768717821918,0.01936214252788293,0.06464658572555138,6,0.5,-0.006122312057509016,-0.002044949654388839,True,False
001303.OF,银华稳利灵活配置混合A,银华基金,成长型,年化观察池,6,2023Q1,2024Q4,正式贡献,12,10890000.0,,,,,,,,9,0.75,0.08413406828350123,0.027293004411437227,,True
001304.OF,建信鑫安回报灵活配置混合A,建信基金,成长型,正式年化,13,2023Q1,2026Q1,正式贡献,12,341760000.0,0.24476472560486728,0.06555749968804503,0.043099338066887816,0.0682180661893883,0.053722841323503356,0.17654665941547898,0.19104188428136393,6,0.5,-0.018299122409576873,-0.0061372968255327676,True,False
001309.OF,东方红睿逸定期开放混合,东方红资产管理,收入型,正式年化,8,2023Q1,2026Q1,正式贡献,12,901410000.0,0.02105769886678588,-0.021544225601959566,0.044322310937021214,0.023825433557895792,0.014289575625296536,-0.002767734691109913,0.006768123241489343,2,0.16666666666666666,0.001128879109421721,0.00037615152876080415,False,True
001314.OF,易方达新益混合I,易方达基金,成长型,年化观察池,1,2024Q2,2024Q2,正式贡献,12,286020000.0,,,,,,,,3,0.25,-0.04670535737096049,-0.01581732100121902,,False
001318.OF,东方新策略灵活配置混合A,东方基金,成长型,正式年化,12,2023Q1,2026Q1,正式贡献,12,253930000.00000003,0.10014971993416166,0.07868490866688593,0.03722431868323661,0.10873634448120528,0.05756626359512462,-0.00858662454704362,0.04258345633903704,4,0.3333333333333333,-0.010612038451035977,-0.003549933264409777,False,False
001324.OF,华宝新价值混合,华宝基金,成长型,正式年化,13,2023Q1,2026Q1,正式贡献,12,238170000.0,0.10615529118486045,0.06555749968804503,0.043099338066887816,0.08500400054194213,0.053376580735513324,0.02115129064291832,0.05277871044934712,2,0.16666666666666666,-0.0018430256562491643,-0.0006147196882814177,True,False
001334.OF,南方利鑫灵活配置混合A,南方基金,成长型,正式年化,8,2023Q1,2026Q1,正式贡献,12,50650000.00000001,0.16914928560642828,0.014535287125613694,0.04745395907754402,0.06182745401930023,0.048106575697074216,0.10732183158712805,0.12104270990935406,2,0.16666666666666666,0.05126442920594254,0.016804180850300998,True,True
001335.OF,南方利众灵活配置混合A,南方基金,成长型,正式年化,13,2023Q1,2026Q1,正式贡献,12,118580000.0,-0.006062154415711896,0.06555749968804503,0.043099338066887816,0.07509170407288934,0.05399596181265531,-0.08115385848860124,-0.06005811622836721,5,0.4166666666666667,0.038851584201427425,0.012786340742439561,False,True
001339.OF,兴银鼎新灵活配置A,兴银基金管理,成长型,正式年化,8,2023Q1,2025Q4,正式贡献,9,151420000.0,-0.07188924927906337,-0.02476190749351881,0.04954335104074592,0.0036093176965792395,0.005662108016635026,-0.07549856697564261,-0.0775513572956984,0,0.0,0.0,0.0,False,False
001345.OF,富国新收益灵活配置混合A,富国基金,成长型,正式年化,11,2023Q1,2026Q1,正式贡献,12,291660000.0,0.14630935405689005,0.10984715052783023,0.04542632515762346,0.07574540396493834,0.07186685617567679,0.07056395009195171,0.07444249788121327,9,0.75,-0.010923087362815997,-0.0036543672536692995,True,False
001362.OF,景顺长城领先回报混合A,景顺长城基金,成长型,正式年化,8,2023Q1,2025Q3,正式贡献,12,108400000.0,0.04991861035535061,0.09847724275193426,0.04583806280722569,0.05680038589859593,0.0674465757932119,-0.0068817755432453165,-0.01752796543786128,7,0.5833333333333334,0.04960797692117236,0.01626984874269244,False,True
001370.OF,中银新趋势混合A,中银基金,成长型,正式年化,13,2023Q1,2026Q1,正式贡献,12,113130000.0,0.29981449656799875,0.06555749968804503,0.043099338066887816,0.11133681959512254,0.05367690834634775,0.1884776769728762,0.246137588221651,2,0.16666666666666666,0.020179979465747122,0.006681912423705638,True,True
001399.OF,安信鑫安得利混合A,安信基金,成长型,正式年化,9,2023Q2,2026Q1,正式贡献,12,156670000.0,0.01823825969750681,0.15434701635058445,0.03145790070521537,0.030545117826113133,0.08878387174851943,-0.012306858128606324,-0.07054561205101262,4,0.3333333333333333,0.02306837053651667,0.007631075406054677,False,True
001402.OF,中信保诚新选混合A,中信保诚基金,成长型,正式年化,8,2023Q1,2026Q1,贡献观察池,7,555200000.0,0.0563503781705843,-0.03810196337581706,0.044666353165888184,0.02121532621665989,0.01785066519985401,0.03513505195392441,0.03849971297073029,4,0.5714285714285714,0.014218295032394357,,True,
001415.OF,中信保诚新锐混合A,中信保诚基金,成长型,正式年化,10,2023Q1,2025Q3,正式贡献,10,151740000.0,0.06877324869678825,0.049644787039309746,0.041006187853220855,0.0783321924664504,0.043591694712829865,-0.009558943769662154,0.025181553983958382,3,0.3,-0.0008838501918625452,-0.0003536338638989722,False,False
001427.OF,招商丰泽混合A,招商基金,成长型,正式年化,12,2023Q1,2026Q1,正式贡献,12,38180000.0,0.06998648234031024,0.09745496269582743,0.041933381663660674,0.09184070158348145,0.06404731309567335,-0.021854219243171213,0.005939169244636888,4,0.3333333333333333,-0.0038787178942149003,-0.0012945811819613517,False,False
001430.OF,中邮乐享收益灵活配置混合A,中邮基金,成长型,正式年化,10,2023Q3,2026Q1,正式贡献,12,15150000.0,0.29873664936720035,0.1329171632710151,0.04914389135067854,0.07690732761812025,0.07897459392814743,0.2218293217490801,0.21976205543905292,4,0.3333333333333333,0.017947069385682468,0.005946920492556851,True,True
001443.OF,易方达瑞选混合I,易方达基金,成长型,年化观察池,3,2023Q3,2024Q2,正式贡献,12,71000000.0,,,,,,,,5,0.4166666666666667,-0.02884162084886377,-0.009707810236077252,,False
001470.OF,融通通鑫灵活配置混合,融通基金,成长型,正式年化,12,2023Q2,2026Q1,正式贡献,12,23330000.0,0.26449299565821516,0.09024424329459757,0.04099452144150506,0.03959785165713359,0.06088155444826793,0.22489514400108157,0.20361144120994723,1,0.08333333333333333,-0.008832442469170587,-0.0029528582793850733,True,False
001488.OF,万家瑞丰A,万家基金,成长型,年化观察池,7,2023Q2,2024Q4,贡献观察池,7,215140000.00000003,,,,,,,,2,0.2857142857142857,-0.017259173422501828,,,
001506.OF,景顺长城泰和回报混合A,景顺长城基金,成长型,正式年化,13,2023Q1,2026Q1,正式贡献,12,188830000.0,0.09299925306445189,0.06555749968804503,0.043099338066887816,0.10304603337134077,0.05332597426954533,-0.01004678030688888,0.039673278794906564,2,0.16666666666666666,0.0014607204053223022,0.000486669915745086,False,True
001522.OF,博时新策略混合A,博时基金,成长型,正式年化,10,2023Q1,2025Q3,正式贡献,10,36660000.0,-0.03310705229815758,-0.006141569476146191,0.04420782068738771,0.027843818576426926,0.031683005723132984,-0.060950870874584506,-0.06479005802129056,5,0.5,0.0070887733509057416,0.002829501948751645,False,True
001530.OF,万家瑞富A,万家基金,成长型,正式年化,10,2023Q1,2026Q1,正式贡献,12,52800000.0,0.1440694830205842,0.09893277897274722,0.04370727902120852,0.04664863611249448,0.06108633520846363,0.09742084690808972,0.08298314781212057,8,0.6666666666666666,-0.0016654619106525326,-0.0005554624516255213,True,False
001566.OF,南方利达灵活配置混合A,南方基金,成长型,正式年化,12,2023Q1,2026Q1,正式贡献,12,92190000.0,-0.0073564178470189034,0.07897527315641595,0.04077003014828917,0.07998830101345633,0.05901191548732343,-0.08734471886047523,-0.06636833333434233,1,0.08333333333333333,0.057297613822125726,0.01874561095436067,False,True
001596.OF,中信保诚新泽混合A,中信保诚基金,成长型,正式年化,8,2023Q1,2024Q4,贡献观察池,7,136140000.0,-0.005633846621863836,-0.020403514243112486,0.05361573769672123,0.020480521520194195,0.004916610218729023,-0.02611436814205803,-0.010550456840592859,4,0.5714285714285714,-0.025795087618906254,,False,
001603.OF,易方达安盈回报混合A,易方达基金,收入型,正式年化,13,2023Q1,2026Q1,正式贡献,12,853009999.9999999,0.12183474932759664,0.06555749968804503,0.043099338066887816,0.05025100674650829,0.031521112605899404,0.07158374258108835,0.09031363672169723,3,0.25,0.001931453754415724,0.0006434038608273962,True,True
001609.OF,平安鑫享混合A,平安基金,成长型,正式年化,9,2023Q1,2026Q1,正式贡献,12,449510000.0,0.07360835637637919,-0.019813230318292185,0.0517722072964959,0.043322614540378,0.02565618619914045,0.03028574183600119,0.04795217017723874,7,0.5833333333333334,0.011882040744847222,0.003945095998969306,True,True
001650.OF,工银丰收回报灵活配置混合A,工银瑞信基金,成长型,年化观察池,5,2025Q1,2026Q1,正式贡献,12,473130000.0,,,,,,,,2,0.16666666666666666,-0.0009941586027624183,-0.00033149607842819506,,False
001664.OF,平安鑫安混合A,平安基金,成长型,年化观察池,6,2023Q1,2026Q1,贡献观察池,7,2014880000.0,,,,,,,,1,0.14285714285714285,-0.008352139736130582,,,
001682.OF,新华鑫回报混合,新华基金,成长型,正式年化,12,2023Q1,2026Q1,正式贡献,12,43120000.0,0.16292558478216868,0.08545491224770352,0.043908735246007025,0.053976790576249156,0.05932099270613911,0.10894879420591952,0.10360459207602957,7,0.5833333333333334,-0.07657325752751865,-0.026205129559934592,True,False
001695.OF,泓德泓业混合,泓德基金,成长型,正式年化,12,2023Q1,2026Q1,正式贡献,10,89490000.0,-0.05503412806280161,0.07868490866688593,0.03722431868323661,0.048128396048997546,0.05737148135068182,-0.10316252411179916,-0.11240560941348343,3,0.3,-0.023949899258251417,-0.009649684558485916,False,False
001745.OF,易方达瑞富混合I,易方达基金,成长型,年化观察池,3,2025Q3,2026Q1,正式贡献,10,578740000.0,,,,,,,,3,0.3,0.004885381258074917,0.0019512959079575065,,True
001747.OF,易方达瑞祺混合A,易方达基金,成长型,年化观察池,5,2024Q1,2026Q1,正式贡献,12,84270000.0,,,,,,,,7,0.5833333333333334,-0.020666410598838003,-0.006936811623477479,,False
001755.OF,嘉实新思路混合A,嘉实基金,成长型,年化观察池,7,2023Q1,2026Q1,正式贡献,9,212259999.99999997,,,,,,,,4,0.4444444444444444,-0.040823177744650496,-0.018353851331318505,,False
001765.OF,前海开源嘉鑫混合A,前海开源基金,成长型,年化观察池,6,2023Q2,2024Q3,贡献观察池,7,1381609999.9999998,,,,,,,,3,0.42857142857142855,-0.004291564024798578,,,
001850.OF,国泰安益灵活配置混合A,国泰基金,成长型,正式年化,10,2023Q1,2026Q1,正式贡献,9,114950000.0,0.0954478284963527,0.1180776430524122,0.043970153308311444,0.12806202635113073,0.06918832863553237,-0.03261419785477804,0.026259499860820323,1,0.1111111111111111,0.03407878189030633,0.01500522679256866,False,True
001903.OF,光大保德信欣鑫混合A,光大保德信基金,成长型,正式年化,13,2023Q1,2026Q1,正式贡献,12,10480000.0,0.0329112774899456,0.06555749968804503,0.043099338066887816,0.07235866391829027,0.05304594270045282,-0.039447386428344666,-0.02013466521050722,1,0.08333333333333333,-0.027481065453555997,-0.009245572319657058,False,False
001905.OF,华安安益灵活配置混合A,华安基金,成长型,正式年化,8,2023Q1,2026Q1,贡献观察池,7,64880000.00000001,-0.015633801652068624,0.03281283045372807,0.05294850748821278,0.02809302177634798,0.02735560719504826,-0.043726823428416606,-0.04298940884711688,5,0.7142857142857143,0.006730473068004228,,False,
001922.OF,国泰多策略收益灵活配置混合A,国泰基金,成长型,正式年化,8,2023Q1,2026Q1,贡献观察池,7,289640000.0,0.017113138358696656,0.05988752471212111,0.060127317835751315,0.04542443759927983,0.038301188106403705,-0.028311299240583176,-0.02118804974770705,5,0.7142857142857143,0.018130139161507408,,False,
001942.OF,前海开源沪港深汇鑫混合A,前海开源基金,成长型,年化观察池,7,2024Q2,2026Q1,贡献观察池,7,51520000.0,,,,,,,,7,1.0,0.28398665152247426,,,
002001.OF,华夏回报混合A,华夏基金,成长型,年化观察池,5,2025Q1,2026Q1,正式贡献,12,8280459999.999999,,,,,,,,6,0.5,-0.010357048091061527,-0.0034643371362478304,,False
002049.OF,融通新机遇灵活配置混合,融通基金,成长型,正式年化,11,2023Q3,2026Q1,正式贡献,12,133920000.0,0.10259830406953019,0.1151903547976707,0.04224296546238837,0.11406637209955939,0.07334941936955452,-0.0114680680300292,0.029248884699975664,5,0.4166666666666667,-0.004812976118295231,-0.0016069061370087567,False,False
002054.OF,中银新财富混合A,中银基金,成长型,年化观察池,7,2023Q2,2025Q1,正式贡献,8,6500000.0,,,,,,,,2,0.25,0.0005232793638596522,0.00026160546322073763,,True
002118.OF,广发安盈混合A,广发基金,成长型,正式年化,10,2023Q1,2026Q1,正式贡献,8,10212510000.0,0.02640551529045232,0.11409991423488242,0.0351221315768484,0.030620630725959774,0.07654769996724564,-0.004215115435507455,-0.05014218467679332,6,0.75,0.011335999769694904,0.005652027179229968,False,True
002134.OF,广发鑫裕混合A,广发基金,成长型,正式年化,13,2023Q1,2026Q1,正式贡献,12,13730000.0,0.06691497368388588,0.06555749968804503,0.043099338066887816,0.08824515268817557,0.053724701644843886,-0.021330179004289684,0.013190272039041995,5,0.4166666666666667,0.010303842106029082,0.003422884529179937,False,True
002135.OF,广发鑫源混合A,广发基金,成长型,正式年化,11,2023Q1,2025Q3,正式贡献,12,23290000.0,-0.03495483375396469,0.04978027639571936,0.04348866134793994,0.05579021613733537,0.04546445443168645,-0.09074504989130006,-0.08041928818565114,11,0.9166666666666666,0.03771581284830461,0.012417114702053755,False,True
002156.OF,长盛盛世混合A,长盛基金,成长型,年化观察池,6,2023Q1,2025Q3,正式贡献,12,49520000.0,,,,,,,,7,0.5833333333333334,0.18150242797271932,0.057170103296727115,,True
002161.OF,银华万物互联灵活配置混合,银华基金,成长型,正式年化,11,2023Q1,2026Q1,正式贡献,10,41770000.0,0.20307069779093645,0.11519901355605078,0.03542779469176294,0.09232857879719747,0.06936716701697843,0.11074211899373898,0.13370353077395802,6,0.6,0.011717933420245297,0.004670798369988738,True,True
002182.OF,东兴蓝海财富混合A,东兴基金,成长型,正式年化,8,2023Q4,2026Q1,正式贡献,10,14920000.0,0.14808646062162012,0.11623590552915353,0.059391677266064535,0.1298707449829779,0.06263947966474848,0.018215715638642216,0.08544698095687164,9,0.9,0.10778217135582846,0.04179375210488723,True,True
002197.OF,国泰鑫策略价值灵活配置混合A,国泰基金,成长型,年化观察池,7,2023Q1,2026Q1,贡献观察池,6,42670000.0,,,,,,,,3,0.5,0.03235583557931232,,,
002282.OF,平安安享灵活配置混合A,平安基金,成长型,正式年化,8,2023Q2,2026Q1,正式贡献,8,181440000.0,0.03789100879137974,0.06300577103918892,0.02387065276406375,0.11355373558715343,0.06494980860491406,-0.07566272679577368,-0.027058799813534318,5,0.625,0.026951052108948437,0.013385934434136715,False,True
002288.OF,中银稳进策略混合A,中银基金,成长型,正式年化,12,2023Q1,2026Q1,正式贡献,12,204700000.00000003,0.15342406598510294,0.09745496269582743,0.041933381663660674,0.12100585646233952,0.06418686868435075,0.03241820952276342,0.08923719730075219,1,0.08333333333333333,0.007460104621319186,0.00248054335741843,True,True
002295.OF,广发稳安混合A,广发基金,成长型,正式年化,8,2023Q2,2025Q4,贡献观察池,6,89810000.0,-0.12853536884873717,-0.009043808538063525,0.055271019786112596,0.001615752328319564,0.010555790866552561,-0.13015112117705674,-0.13909115971528974,4,0.6666666666666666,0.012987023272917897,,False,
002383.OF,大成趋势回报灵活配置混合A,大成基金,成长型,正式年化,12,2023Q1,2026Q1,正式贡献,10,41310000.0,0.1497798584645973,0.07868490866688593,0.03722431868323661,0.059141720132638964,0.05667079831050681,0.09063813833195833,0.09310906015409048,3,0.3,0.012720994196493862,0.00506910950363082,True,True
002388.OF,天弘裕利A,天弘基金,成长型,正式年化,11,2023Q1,2026Q1,正式贡献,9,62040000.00000001,0.03855859486624302,0.12323899735161925,0.04326844695619281,0.05105716154340589,0.0780405125167718,-0.01249856667716287,-0.039481917650528775,3,0.3333333333333333,-0.04120731202040406,-0.0185285964906462,False,False
002389.OF,招商安德灵活配置混合A,招商基金,成长型,正式年化,13,2023Q1,2026Q1,正式贡献,12,68120000.0,0.19911718041120086,0.06555749968804503,0.043099338066887816,0.0846340540490591,0.05314958572915218,0.11448312636214175,0.14596759468204867,4,0.3333333333333333,0.014108947903129332,0.004681036342687461,True,True
002411.OF,华夏新机遇混合A,华夏基金,成长型,正式年化,13,2023Q1,2026Q1,正式贡献,12,54079999.99999999,0.13725737623262346,0.06555749968804503,0.043099338066887816,0.09373070181828536,0.05367525792122785,0.04352667441433811,0.08358211831139561,4,0.3333333333333333,0.0059720595655610165,0.001986736784836518,True,True
002415.OF,融通通盈灵活配置混合,融通基金,成长型,正式年化,11,2023Q1,2026Q1,正式贡献,12,13819999.999999998,-0.08322864488794779,0.029157584323619368,0.041175136213101426,0.04185027129664154,0.04731022850481437,-0.12507891618458933,-0.13053887339276216,9,0.75,0.013750745445290313,0.004562731632044237,False,True
002449.OF,民生加银量化中国混合A,民生加银基金,成长型,年化观察池,6,2024Q4,2026Q1,贡献观察池,7,63930000.0,,,,,,,,0,0.0,0.0,,,
002455.OF,民生加银鑫喜混合A,民生加银基金,成长型,正式年化,8,2023Q3,2026Q1,正式贡献,12,113460000.0,0.099691011596589,0.1792609007249395,0.02962328337847886,0.08797798315247585,0.09957374615904024,0.01171302844411315,0.00011726543754875252,9,0.75,-0.07170902792032374,-0.024498273716316188,True,False
002456.OF,招商安元灵活配置混合A,招商基金,成长型,正式年化,13,2023Q1,2026Q1,正式贡献,12,41500000.0,0.060784677695584266,0.06555749968804503,0.043099338066887816,0.037313101715436225,0.05393229862321425,0.02347157598014804,0.006852379072370018,5,0.4166666666666667,0.005945482251031864,0.00197791269907599,True,True
002461.OF,中银珍利混合A,中银基金,成长型,正式年化,8,2023Q3,2026Q1,正式贡献,12,6780000.0,0.012222189815290774,0.07312424914980653,0.029264071324038632,0.02630893821469038,0.07414831886055051,-0.014086748399399607,-0.06192612904525974,8,0.6666666666666666,0.00353240910321162,0.0011760859805913793,False,True
002489.OF,国泰民福策略价值灵活配置混合A,国泰基金,成长型,正式年化,11,2023Q1,2025Q3,正式贡献,12,56650000.0,0.04784299825004146,0.04978027639571936,0.04348866134793994,0.03493498738809553,0.04489077126194263,0.012908010861945929,0.0029522269880988272,7,0.5833333333333334,-0.024726202788025287,-0.008310948103510851,True,False
002497.OF,东方盛世灵活配置混合A,东方基金,成长型,正式年化,13,2023Q1,2026Q1,正式贡献,12,83870000.0,0.012910944609783703,0.06555749968804503,0.043099338066887816,0.07065135265627953,0.05366395092929954,-0.05774040804649583,-0.04075300631951584,6,0.5,-0.04325849375341151,-0.014632565556740307,False,False
002514.OF,招商丰益混合A,招商基金,成长型,年化观察池,6,2023Q2,2026Q1,正式贡献,8,88150000.0,,,,,,,,4,0.5,-0.01765123544121394,-0.008864911044520585,,False
002518.OF,民生加银鑫福混合A,民生加银基金,成长型,正式年化,11,2023Q1,2026Q1,正式贡献,10,22320000.0,0.05148318968741927,0.09882078121526283,0.05090607832675853,0.04628038668373713,0.06986189720922575,0.005202803003682144,-0.01837870752180648,5,0.5,0.03591798839576854,0.014215281259923218,True,True
002535.OF,中银鑫利混合A,中银基金,成长型,年化观察池,5,2023Q2,2026Q1,正式贡献,12,22390000.0,,,,,,,,6,0.5,-0.03598752993365817,-0.012142691474595568,,False
002561.OF,东吴安鑫量化混合A,东吴基金,成长型,正式年化,13,2023Q1,2026Q1,正式贡献,12,15020000.0,0.05319840809057297,0.06555749968804503,0.043099338066887816,0.06551120117787712,0.05316078795607404,-0.012312793087304152,3.762013449892798e-05,5,0.4166666666666667,0.00784985333708299,0.00260980079367501,False,True
002581.OF,招商丰凯混合A,招商基金,成长型,年化观察池,6,2023Q1,2024Q4,贡献观察池,7,6220000.000000001,,,,,,,,7,1.0,0.022514791822951574,,,
002604.OF,华夏新起点混合A,华夏基金,成长型,年化观察池,7,2023Q3,2025Q2,贡献观察池,7,79360000.0,,,,,,,,3,0.42857142857142855,0.04215824787276379,,,
002612.OF,融通通慧混合A/B,融通基金,收入型,正式年化,9,2023Q1,2026Q1,正式贡献,12,109650000.0,0.033026861441714406,0.13097965720267335,0.03389269993298627,0.03599637417302448,0.04237606453890441,-0.0029695127313100755,-0.009349203097190006,8,0.6666666666666666,0.03408970486966223,0.011236503052489244,False,True
002614.OF,中银颐利混合A,中银基金,成长型,年化观察池,6,2023Q1,2026Q1,正式贡献,9,7370000.0,,,,,,,,5,0.5555555555555556,-0.03718399452892507,-0.016700288714732614,,False
002622.OF,广发稳裕混合A,广发基金,成长型,正式年化,11,2023Q1,2026Q1,正式贡献,12,151310000.0,0.03543837254759419,0.11552650137497511,0.03928974328388257,0.032603178840473035,0.07116727203654483,0.002835193707121153,-0.03572889948895064,8,0.6666666666666666,-0.02637813992493776,-0.008871178400431945,True,False
002728.OF,华富益鑫灵活配置混合A,华富基金,成长型,正式年化,9,2023Q1,2026Q1,正式贡献,12,59160000.0,0.031060424299085287,0.16456045504435912,0.037864015251499517,0.04723982544162797,0.09026297035927433,-0.016179401142542682,-0.05920254606018904,5,0.4166666666666667,0.0034583387466085025,0.0011514532287821844,False,True
002776.OF,招商安荣灵活配置混合A,招商基金,成长型,正式年化,12,2023Q2,2026Q1,正式贡献,12,66229999.99999999,0.2692014923117967,0.09024424329459757,0.04099452144150506,0.09509800067323448,0.06002518071839624,0.1741034916385622,0.20917631159340044,4,0.3333333333333333,0.0016097308285889511,0.0005362892852520673,True,True
002783.OF,东方红价值精选混合A,东方红资产管理,收入型,正式年化,11,2023Q2,2026Q1,正式贡献,12,223060000.0,0.023814880935973504,0.1282423885355779,0.039534296953400716,0.04387170310517963,0.043654871728640465,-0.020056822169206123,-0.01983999079266696,1,0.08333333333333333,-0.02080599077667311,-0.006983992864445732,False,False
002792.OF,景顺长城顺益回报混合A,景顺长城基金,收入型,正式年化,13,2023Q1,2026Q1,正式贡献,12,26270000.0,0.04558388546157177,0.06555749968804503,0.043099338066887816,0.029836554406626137,0.03176911808223437,0.015747331054945635,0.0138147673793374,3,0.25,-0.03930578838373611,-0.013277439636140698,True,False
002819.OF,招商丰美混合A,招商基金,成长型,正式年化,10,2023Q1,2026Q1,正式贡献,12,21580000.0,0.044026274872387194,0.13027036416758841,0.04015105342620107,0.08599481496613648,0.0719239531784146,-0.041968540093749285,-0.027897678306027407,7,0.5833333333333334,-0.03636635463755489,-0.012272106737709065,False,False
002838.OF,华夏新锦程混合A,华夏基金,成长型,年化观察池,7,2023Q1,2025Q2,正式贡献,9,24520000.0,,,,,,,,7,0.7777777777777778,-0.039309440543361385,-0.017665620719267916,,False
002908.OF,富国睿利定期开放混合型发起式A,富国基金,收入型,正式年化,13,2023Q1,2026Q1,正式贡献,12,57440000.0,0.06706293191814461,0.06555749968804503,0.043099338066887816,0.05532567754316631,0.03159698080361051,0.011737254374978301,0.0354659511145341,5,0.4166666666666667,0.09752934531356083,0.03150668529313627,True,True
002934.OF,泰康恒泰回报混合A,泰康基金,成长型,正式年化,10,2023Q1,2026Q1,正式贡献,12,334890000.0,0.04059812460991408,0.0845872855061729,0.037750927158096914,0.05349333793809974,0.062350244563982526,-0.012895213328185662,-0.02175211995406845,5,0.4166666666666667,-0.0013997970421227857,-0.00046681689814809246,False,False
003025.OF,新华红利回报混合,新华基金,成长型,正式年化,12,2023Q1,2026Q1,正式贡献,12,79000000.0,0.2813488531611714,0.09745496269582743,0.041933381663660674,0.09757796842568611,0.06425884680341554,0.1837708847354853,0.21709000635775588,5,0.4166666666666667,0.031028080936325253,0.010237528990706402,True,True
003062.OF,银华通利灵活配置混合A,银华基金,成长型,正式年化,8,2023Q1,2026Q1,正式贡献,12,21239999.999999996,-0.015992033127966265,-0.02217235425893771,0.05216677805681047,0.016606532454949807,0.016806025604176655,-0.03259856558291607,-0.03279805873214292,7,0.5833333333333334,-0.05994741120844105,-0.020395623806058194,False,False
003105.OF,光大保德信永鑫混合A,光大保德信基金,成长型,正式年化,10,2023Q1,2026Q1,正式贡献,8,3350000.0,0.0776247379165047,0.016695392075559923,0.055929632360633086,0.032902913214802876,0.02534918222310556,0.04472182470170183,0.052275555693399145,5,0.625,-0.037022388621993474,-0.018685773374294445,True,False
003119.OF,博时鑫源混合A,博时基金,成长型,正式年化,9,2023Q1,2026Q1,贡献观察池,7,10200000.0,-0.01839668942221473,0.05106840739453533,0.04063666669622101,0.02341012026543443,0.055776055382335654,-0.04180680968764916,-0.07417274480455038,4,0.5714285714285714,0.016181046615435957,,False,
003126.OF,长信易进混合A,长信基金,收入型,年化观察池,5,2023Q4,2026Q1,正式贡献,12,48170000.0,,,,,,,,8,0.6666666666666666,0.03783896090349992,0.012457161718650633,,True
003182.OF,华富弘鑫灵活配置混合A,华富基金,成长型,正式年化,8,2023Q1,2025Q2,正式贡献,12,51749999.99999999,0.03910971761886728,-0.01269375379670179,0.04403070104380569,0.0219461816497446,0.026822314972577033,0.01716353596912268,0.012287402646290246,7,0.5833333333333334,0.023891082668138885,0.007901102388614634,True,True
003234.OF,中信保诚至利混合A,中信保诚基金,成长型,正式年化,8,2023Q1,2025Q1,正式贡献,8,26539999.999999996,-0.03963645594992238,0.022167816232796733,0.05503522504208069,0.02977756071904758,0.022613946561088838,-0.06941401666896996,-0.062250402511011216,3,0.375,0.005615598567011215,0.002803868444378965,False,True
003345.OF,安信新成长混合A,安信基金,成长型,正式年化,9,2023Q1,2026Q1,正式贡献,12,13410000.0,0.009570741277923789,0.1572955023692344,0.040156013855344286,0.08357404936888879,0.09413374315952638,-0.074003308090965,-0.0845630018816026,3,0.25,-0.01041323125919158,-0.00348319565154398,False,False
003373.OF,大成景禄灵活配置混合A,大成基金,成长型,正式年化,10,2023Q2,2026Q1,正式贡献,9,146080000.0,0.12477598114405852,0.05382477662476237,0.03421879147661855,0.053667155401102784,0.05387216880667367,0.07110882574295574,0.07090381233738485,1,0.1111111111111111,-0.035531555782249424,-0.01595060417915639,True,False
003432.OF,中信保诚至瑞混合A,中信保诚基金,成长型,正式年化,10,2023Q1,2025Q3,正式贡献,10,125000000.0,0.02693653227808812,-0.006141569476146191,0.04420782068738771,0.07818306425957977,0.03097698248958558,-0.05124653198149165,-0.004040450211497459,3,0.3,0.1575481555831022,0.060267933549697394,False,True
003484.OF,金鹰鑫益混合A,金鹰基金,成长型,正式年化,8,2023Q2,2026Q1,正式贡献,12,37050000.00000001,-0.05386252260300628,-0.0315626964081257,0.03758614286736561,0.06937812140401944,0.018923735875543635,-0.12324064400702572,-0.07278625847854991,3,0.25,0.08161848065876831,0.026497823869499282,False,True
003594.OF,长盛盛崇混合A,长盛基金,成长型,年化观察池,6,2024Q3,2026Q1,正式贡献,10,147870000.0,,,,,,,,4,0.4,0.019376725065991307,0.007706094954538001,,True
003598.OF,华商润丰混合A,华商基金,成长型,正式年化,8,2023Q3,2026Q1,正式贡献,12,9945050000.0,0.5655822437834859,0.1683797985696418,0.04107524831574039,0.1851366734309885,0.09629598426781039,0.3804455703524974,0.4692862595156755,5,0.4166666666666667,0.012534412025096087,0.004160801065230091,True,True
003626.OF,平安鑫利混合A,平安基金,成长型,年化观察池,4,2023Q1,2025Q1,贡献观察池,6,40630000.0,,,,,,,,4,0.6666666666666666,-0.02588560355230074,,,
003641.OF,长盛盛丰混合A,长盛基金,成长型,年化观察池,7,2024Q2,2026Q1,正式贡献,12,89470000.0,,,,,,,,5,0.4166666666666667,0.01975821111063092,0.006543163997627666,,True
003655.OF,信澳新财富混合A,信达澳亚基金,成长型,正式年化,11,2023Q1,2026Q1,正式贡献,12,35870000.0,-0.100329073202991,0.010683311323519185,0.04836944675093169,0.0030919493642509455,0.025068826182115256,-0.10342102256724195,-0.12539789938510626,7,0.5833333333333334,-0.029142773927638976,-0.009810182955852675,False,False
003805.OF,华安新恒利混合A,华安基金,成长型,年化观察池,6,2023Q1,2026Q1,贡献观察池,6,49200000.0,,,,,,,,3,0.5,0.009238798722410069,,,
003842.OF,中邮景泰灵活配置混合A,中邮基金,成长型,正式年化,12,2023Q1,2026Q1,正式贡献,12,13650000.000000002,0.21681118486968765,0.07897527315641595,0.04077003014828917,0.056577138607748045,0.05848719409087422,0.1602340462619396,0.15832399077881343,6,0.5,0.01885771887177312,0.006246802493824477,True,True
003861.OF,招商兴福混合A,招商基金,成长型,正式年化,11,2023Q1,2026Q1,正式贡献,12,49180000.0,0.07976522495764238,0.061207451777342214,0.03735786143592201,0.03538056698986525,0.05564124327102116,0.04438465796777713,0.02412398168662122,8,0.6666666666666666,0.0030603752372844184,0.0010190861896468562,True,True
004005.OF,东方民丰回报赢安混合A,东方基金,收入型,正式年化,12,2023Q1,2025Q4,正式贡献,12,14800000.000000002,0.0164628173611181,0.03181867512910386,0.04264716587763662,0.03370413969180852,0.027611668917423726,-0.017241322330690423,-0.011148851556305628,1,0.08333333333333333,-0.010727006811380613,-0.0035885310886653032,False,False
004048.OF,华夏新锦汇混合A,华夏基金,成长型,正式年化,9,2023Q2,2026Q1,正式贡献,12,43130000.0,0.11580267553988999,0.19048156965562169,0.03201716846371405,0.15217299718792865,0.09100691636931946,-0.03637032164803866,0.02479575917057053,7,0.5833333333333334,0.1098559492926312,0.035354013741860646,False,True
004153.OF,中信保诚新悦混合A,中信保诚基金,成长型,正式年化,8,2023Q1,2024Q4,贡献观察池,7,75980000.0,0.0038585364015057966,-0.020403514243112486,0.05361573769672123,0.02442665013590073,0.004810100758144253,-0.020568113734394933,-0.0009515643566384568,4,0.5714285714285714,-0.01308285163116707,,False,
004206.OF,华商元亨混合A,华商基金,成长型,正式年化,8,2023Q3,2026Q1,正式贡献,12,3679360000.0,0.5669107798185424,0.1683797985696418,0.04107524831574039,0.16833212140671838,0.09621039939299769,0.39857865841182405,0.47070038042554474,6,0.5,0.0036962093546484276,0.0012305548983959635,True,True
004258.OF,国寿安保稳嘉混合A,国寿安保基金,收入型,正式年化,8,2024Q1,2025Q4,正式贡献,12,83639999.99999999,0.08378131648605391,0.12159340962707099,0.03476445132658035,0.051007758642315215,0.051471153026808825,0.0327735578437387,0.03231016345924509,6,0.5,-0.026308777246568882,-0.008847642323441485,True,False
004279.OF,国寿安保稳荣混合A,国寿安保基金,收入型,正式年化,11,2023Q1,2026Q1,正式贡献,12,1355000000.0,0.09726141827557311,0.061207451777342214,0.03735786143592201,0.03467381551941906,0.029984748068977884,0.06258760275615405,0.06727667020659522,7,0.5833333333333334,-0.0125590259511279,-0.004203990755517917,True,False
004335.OF,华宝新飞跃混合,华宝基金,成长型,正式年化,13,2023Q1,2026Q1,正式贡献,12,227910000.0,0.10260979899937817,0.06555749968804503,0.043099338066887816,0.05021410018534023,0.053012977376268866,0.05239569881403794,0.0495968216231093,4,0.3333333333333333,0.005564332926347726,0.0018513480374016122,True,True
004453.OF,前海开源盈鑫A,前海开源基金,成长型,正式年化,13,2023Q1,2026Q1,正式贡献,12,306640000.0,0.01622134679319731,0.06555749968804503,0.043099338066887816,0.052904900144067124,0.05349963906180344,-0.03668355335086981,-0.03727829226860613,7,0.5833333333333334,0.03672567972929097,0.012095014086693112,False,True
004495.OF,博时量化平衡混合A,博时基金,收入型,正式年化,10,2023Q1,2025Q2,正式贡献,10,16350000.0,0.043465418824386814,0.055871646558109944,0.045691020844350616,0.04062257462626251,0.03158561856231268,0.0028428441981243058,0.011879800262074136,6,0.6,-0.024661826518614594,-0.009938690922499549,True,False
004657.OF,金鹰民富收益混合A,金鹰基金,收入型,正式年化,8,2023Q1,2026Q1,正式贡献,12,85910000.0,0.12544075234039997,-0.03746300400736369,0.04271442594848929,0.021546899023815014,0.01533845704641923,0.10389385331658496,0.11010229529398075,7,0.5833333333333334,0.0345410392196821,0.011383601633804474,True,True
004680.OF,前海开源裕瑞混合A,前海开源基金,收入型,正式年化,11,2023Q1,2026Q1,正式贡献,8,14970000.0,0.052462051704460055,0.08901991289257127,0.042247418943270665,0.05251045924662745,0.03893395312712622,-4.8407542167394624e-05,0.013528098577333836,3,0.375,0.009620441387806933,0.004798706899947769,False,True
004694.OF,天弘策略精选A,天弘基金,成长型,正式年化,10,2023Q1,2026Q1,正式贡献,10,51130000.0,-0.033132417847574036,0.13742368799700722,0.04544827631849713,0.047242065594919946,0.08274547525628684,-0.08037448344249398,-0.11587789310386087,3,0.3,0.07792368067052302,0.030469649937519216,False,True
004707.OF,景顺长城睿成混合A,景顺长城基金,成长型,正式年化,12,2023Q2,2026Q1,正式贡献,12,1036640000.0,0.18043877335531344,0.09024424329459757,0.04099452144150506,0.08364002002484461,0.06068160312273241,0.09679875333046883,0.11975717023258103,2,0.16666666666666666,-0.007628893521120839,-0.0025494587232155475,True,False
004710.OF,民生加银鹏程混合A,民生加银基金,收入型,正式年化,10,2023Q3,2026Q1,正式贡献,10,156480000.00000003,0.00866615072522059,0.1329171632710151,0.04914389135067854,0.055733515100480524,0.04859382177341942,-0.047067364375259935,-0.03992767104819883,4,0.4,0.015801703764418473,0.006290968197903757,False,True
004734.OF,中欧瑾灵灵活配置混合A,中欧基金,成长型,正式年化,8,2023Q1,2026Q1,贡献观察池,7,65740000.0,-0.013905623519708032,0.052260487576475834,0.051448797426730586,0.006326861652921734,0.03267890969074316,-0.020232485172629766,-0.046584533210451196,6,0.8571428571428571,-0.03274239599450357,,False,
004738.OF,摩根安隆回报混合A,摩根基金(中国),收入型,正式年化,8,2023Q1,2026Q1,正式贡献,12,169450000.0,0.051000026184713,0.03281283045372807,0.05294850748821278,0.041676772977607746,0.017317592578642182,0.009323253207105253,0.033682433606070816,8,0.6666666666666666,-0.02864729657495002,-0.00964176368761438,True,False
004760.OF,国寿安保稳瑞混合A,国寿安保基金,收入型,正式年化,10,2023Q2,2026Q1,正式贡献,12,30100000.0,0.06599011568632362,0.10496465989626036,0.02977721777415776,0.04203044520222843,0.03559679279838068,0.023959670484095197,0.030393322887942942,5,0.4166666666666667,-0.03309916643251154,-0.01115707280594247,True,False
004763.OF,中科沃土沃嘉混合A,众盈基金,成长型,年化观察池,5,2023Q1,2024Q1,贡献观察池,7,9560000.0,,,,,,,,3,0.42857142857142855,-0.08715013700159135,,,
004772.OF,国寿安保稳泰一年定开混合A,国寿安保基金,收入型,正式年化,8,2023Q3,2025Q4,正式贡献,12,133040000.0,0.05782904260469279,0.0039525345608619755,0.037346456299218955,0.02095012719568423,0.034240396970605325,0.03687891540900856,0.02358864563408747,7,0.5833333333333334,-0.039333642628686105,-0.013286976030827069,True,False
004823.OF,摩根安裕回报混合A,摩根基金(中国),收入型,年化观察池,7,2023Q1,2026Q1,正式贡献,12,40830000.0,,,,,,,,8,0.6666666666666666,-0.05627032726073089,-0.019120021022274614,,False
004836.OF,国联鑫价值混合A,国联基金,成长型,年化观察池,4,2025Q2,2026Q1,贡献观察池,5,29130000.0,,,,,,,,0,0.0,0.0,,,
004852.OF,广发价值回报混合A,广发基金,收入型,正式年化,9,2023Q1,2026Q1,正式贡献,12,1585820000.0,0.06529416359699325,0.1573472846534023,0.03740856348707844,0.07751736813422161,0.04742971687895614,-0.01222320453722836,0.017864446718037108,9,0.75,0.016619771955731055,0.005509513499626362,False,True
004888.OF,财通资管鑫逸混合A,财通资管,收入型,正式年化,13,2023Q1,2026Q1,正式贡献,12,31829999.999999996,0.10824380195819416,0.06555749968804503,0.043099338066887816,0.0433865197131329,0.031530972815303926,0.06485728224506127,0.07671282914289024,5,0.4166666666666667,-0.002174139330975211,-0.0007252389547147686,True,False
004900.OF,财通资管鑫锐混合A,财通资管,收入型,年化观察池,7,2023Q4,2026Q1,正式贡献,12,12500000.0,,,,,,,,8,0.6666666666666666,0.03575405778769691,0.011778735920818129,,True
004913.OF,中银证券聚瑞混合A,中银证券,收入型,正式年化,10,2023Q1,2026Q1,正式贡献,12,6200000.0,0.0010518829263472806,0.042128826458223356,0.04592509464396555,0.04362499175772716,0.025482260690902425,-0.04257310883137988,-0.024430377764555145,9,0.75,-0.01980147490265638,-0.006644543811224812,False,False
004975.OF,交银恒益灵活配置混合A,交银施罗德基金,成长型,正式年化,9,2023Q1,2026Q1,正式贡献,12,212020000.0,0.05337532571797232,0.14809335567532722,0.03598820905362454,0.05862823604168965,0.09400753807705753,-0.00525291032371733,-0.04063221235908521,7,0.5833333333333334,7.35643166422939e-05,2.45208376044026e-05,False,True
005039.OF,鹏扬景兴混合A,鹏扬基金,收入型,正式年化,11,2023Q1,2026Q1,正式贡献,12,45670000.0,0.03582834509699673,0.12283664814165896,0.042709383466235096,0.05724623370802706,0.04031440272643749,-0.021417888611030333,-0.004486057629440765,3,0.25,0.02934777327476068,0.009688422426179732,False,True
005059.OF,南方安福混合A,南方基金,收入型,正式年化,12,2023Q1,2026Q1,正式贡献,12,16720000.000000002,0.07252645689868742,0.08545491224770352,0.043908735246007025,0.05017902874322999,0.03391866718831049,0.022347428155457427,0.03860778971037693,3,0.25,-0.02422784379234877,-0.008142061169888914,True,False
005128.OF,华夏永康添福混合A,华夏基金,收入型,正式年化,13,2023Q1,2026Q1,正式贡献,12,116550000.0,0.17821541013501063,0.06555749968804503,0.043099338066887816,0.060853915117599966,0.03143517640745497,0.11736149501741067,0.14678023372755566,3,0.25,0.01708691098291748,0.005663501195780185,True,True
005296.OF,南华丰淳混合A,南华基金,成长型,正式年化,9,2023Q1,2025Q3,正式贡献,8,43800000.00000001,-0.020821461824685805,0.018630176481860827,0.0512803625872964,0.027926589317383232,0.023606797600740803,-0.04874805114206904,-0.04442825942542661,2,0.25,0.006790064050384403,0.003389288387306122,False,True
005618.OF,融通红利机会主题精选A,融通基金,成长型,正式年化,9,2024Q1,2026Q1,正式贡献,8,31000000.0,0.11358496462155454,0.164108920040543,0.03628616625386183,0.14870951155231293,0.09696269384536271,-0.035124546930758394,0.016622270776191828,3,0.375,0.036913146125161056,0.018289323387592482,False,True
005686.OF,财通资管瑞享12个月定开混合A,财通资管,收入型,年化观察池,6,2023Q1,2026Q1,贡献观察池,6,129530000.0,,,,,,,,3,0.5,-0.004460716324269476,,,
005706.OF,兴业龙腾双益平衡混合,兴业基金,收入型,正式年化,11,2023Q1,2025Q4,正式贡献,12,55479999.99999999,0.010464758845111666,0.030080245386131077,0.04031564713322178,0.031371854166278856,0.0263843938374686,-0.02090709532116719,-0.015919634992356935,1,0.08333333333333333,0.0024990043408432694,0.0008323085172894373,False,True
005741.OF,南方君信灵活配置混合A,南方基金,成长型,年化观察池,3,2025Q3,2026Q1,贡献观察池,5,899339999.9999999,,,,,,,,2,0.4,0.033390906487911653,,,
005823.OF,泰康颐享混合A,泰康基金,收入型,年化观察池,7,2023Q3,2026Q1,正式贡献,12,126710000.0,,,,,,,,5,0.4166666666666667,-0.006878927348313413,-0.002298253706434439,,False
005865.OF,浦银安盛量化多策略混合A,浦银安盛基金,成长型,年化观察池,1,2026Q1,2026Q1,正式贡献,8,26810000.0,,,,,,,,5,0.625,0.01614704248206511,0.008041190865762715,,True
005876.OF,易方达鑫转增利混合A,易方达基金,收入型,正式年化,10,2023Q1,2025Q2,正式贡献,9,315650000.00000006,0.06358646423322645,0.055871646558109944,0.045691020844350616,0.04615013548362401,0.031609181028396494,0.017436328749602437,0.031977283204829954,0,0.0,0.0,0.0,True,False
005901.OF,诺安汇利混合A,诺安基金,成长型,正式年化,9,2023Q1,2026Q1,正式贡献,12,102740000.0,-0.05674561335246331,0.023562810668538603,0.044069639006737216,0.07499035680329902,0.0259897787808967,-0.13173597015576233,-0.08273539213336001,4,0.3333333333333333,0.04098924382293623,0.013480539739175068,False,True
006111.OF,泰康弘实3月定开混合,泰康基金,成长型,正式年化,13,2023Q1,2026Q1,正式贡献,12,4484950000.0,0.11484287610840149,0.06555749968804503,0.043099338066887816,0.045874036305497246,0.05361419580620019,0.06896883980290425,0.0612286803022013,3,0.25,0.005427662616634521,0.0018059574266187095,True,True
006323.OF,合煦智远嘉选混合A,合煦智远基金,成长型,正式年化,11,2023Q1,2025Q4,正式贡献,12,11110000.0,0.019092106223582483,0.03935067352735766,0.04895825797218367,-0.00026710912740079973,0.04313532756073335,0.019359215350983283,-0.024043221337150866,6,0.5,-0.02776803400291128,-0.009343031717924943,True,False
006398.OF,宝盈祥颐定期开放混合A,宝盈基金,收入型,年化观察池,6,2023Q2,2025Q4,正式贡献,10,124840000.0,,,,,,,,1,0.1,-0.0035594694231145807,-0.0014253110409118142,,False
006457.OF,平安估值优势混合A,平安基金,成长型,年化观察池,7,2023Q1,2025Q1,正式贡献,8,48660000.0,,,,,,,,3,0.375,0.03758878893949058,0.018621023216922605,,True
006700.OF,红土创新稳健混合A,红土创新基金,收入型,正式年化,12,2023Q1,2025Q4,正式贡献,11,104360000.0,0.03435018376242849,0.03181867512910386,0.04264716587763662,0.04571977893063761,0.027597751325012743,-0.011369595168209123,0.006752432437415745,6,0.5454545454545454,-0.009731999415711567,-0.0035499258168942838,False,False
006780.OF,广发稳健策略混合A,广发基金,成长型,正式年化,11,2023Q2,2026Q1,正式贡献,11,938650000.0,0.0996855790711273,0.1282423885355779,0.039534296953400716,0.11828962145980326,0.07269512595173167,-0.018604042388675968,0.02699045311939563,3,0.2727272727272727,0.016715604471924328,0.0060463645814794464,False,True
007251.OF,广发睿享稳健增利混合A,广发基金,收入型,正式年化,11,2023Q2,2026Q1,正式贡献,12,52490000.0,0.03802116755570073,0.1282423885355779,0.039534296953400716,0.0633593814699156,0.04317609365993902,-0.02533821391421487,-0.005154926104238289,7,0.5833333333333334,0.04422445778159445,0.014529361196389479,False,True
007318.OF,中银民丰回报混合,中银基金,收入型,正式年化,8,2023Q1,2026Q1,正式贡献,12,104170000.0,-0.011540590018175423,-0.046538755983267066,0.03725052655245786,0.02192646845648416,0.004323751838730461,-0.03346705847465958,-0.015864341856905884,3,0.25,-0.026444066253933918,-0.008893549494836006,False,False
007725.OF,招商瑞文混合A,招商基金,收入型,正式年化,13,2023Q1,2026Q1,正式贡献,12,1782740000.0,0.011333974197506702,0.06555749968804503,0.043099338066887816,0.06126582394062474,0.03199757269098491,-0.04993184974311804,-0.020663598493478208,2,0.16666666666666666,0.010733055551974013,0.003564961133804001,False,True
008119.OF,鹏华金享混合A,鹏华基金,收入型,正式年化,10,2023Q1,2025Q4,正式贡献,10,51340000.0,0.023727296744482596,0.05592825506008925,0.037362874447308014,0.021272787912313573,0.03355749794776797,0.0024545088321690223,-0.009830201203285371,4,0.4,0.06915278033228889,0.02710751748879625,True,True
008336.OF,宝盈祥裕增强回报混合A,宝盈基金,收入型,正式年化,12,2023Q1,2026Q1,正式贡献,12,37660000.0,0.0215883008639961,0.08581144819028541,0.04442178811415243,0.040655556716947094,0.039253410574181746,-0.019067255852950993,-0.017665109710185645,3,0.25,0.009688945376537195,0.003219273615017837,False,True
008488.OF,华商恒益稳健混合,华商基金,收入型,正式年化,13,2023Q1,2026Q1,正式贡献,12,262060000.0,0.10154951621702013,0.06555749968804503,0.043099338066887816,0.0399249144005871,0.031652769922629664,0.06162460181643303,0.06989674629439047,7,0.5833333333333334,0.023732525082973854,0.007849072565784043,True,True
008499.OF,鹏扬景科混合A,鹏扬基金,收入型,正式年化,12,2023Q1,2026Q1,正式贡献,12,40270000.0,0.06062522064155895,0.0667681742093853,0.0409985989082291,0.03672836851212358,0.030867444362878693,0.023896852129435375,0.02975777627868026,8,0.6666666666666666,-0.018461656887463262,-0.0061921491996006495,True,False
008629.OF,大成景瑞稳健配置混合A,大成基金,收入型,正式年化,10,2023Q1,2026Q1,正式贡献,12,52570000.00000001,-0.007356978917202328,0.07682257909821155,0.0340078252260283,0.03394263323551705,0.030607259600264003,-0.04129961215271938,-0.03796423851746633,2,0.16666666666666666,0.018464861684638123,0.006117454335661243,False,True
008869.OF,大成恒享混合A,大成基金,收入型,正式年化,12,2023Q1,2026Q1,正式贡献,12,99780000.0,0.1052434744459072,0.07203927427894685,0.044901136401543695,0.06951865966507342,0.0339000137268739,0.03572481478083378,0.0713434607190333,5,0.4166666666666667,0.00018699033593527759,6.232622733914894e-05,True,True
008979.OF,万家民丰回报一年持有期混合,万家基金,收入型,年化观察池,1,2026Q1,2026Q1,正式贡献,12,277900000.0,,,,,,,,1,0.08333333333333333,0.0024743251476229133,0.0008240957288800921,,True
009031.OF,工银聚和一年定开混合A,工银瑞信基金,收入型,年化观察池,5,2023Q1,2024Q1,正式贡献,12,79160000.00000001,,,,,,,,9,0.75,-0.007527543964729544,-0.00251550377498444,,False
009054.OF,圆信永丰沣泰A,圆信永丰基金,收入型,正式年化,9,2023Q1,2025Q2,正式贡献,12,24940000.0,0.13823615804491984,0.07254771898716506,0.042866223455372277,0.05543899527920226,0.031296239697451655,0.08279716276571758,0.10693991834746819,6,0.5,-0.022491095866187805,-0.007553950441067547,True,False
009114.OF,鹏扬景泓回报混合A,鹏扬基金,成长型,正式年化,13,2023Q1,2026Q1,正式贡献,12,81140000.0,0.032599635696570095,0.06555749968804503,0.043099338066887816,0.05639524273415386,0.05351573913728891,-0.023795607037583766,-0.020916103440718814,0,0.0,0.0,0.0,False,False
009124.OF,华泰保兴科荣A,华泰保兴基金,收入型,正式年化,9,2023Q1,2025Q3,正式贡献,12,28849999.999999996,0.009432975374016994,0.061034634551824674,0.048529256289028266,0.05880623352009651,0.02891855368021612,-0.04937325814607951,-0.019485578306199125,6,0.5,0.004805969977447422,0.0015994304508395452,False,True
009133.OF,汇安嘉利混合A,汇安基金,收入型,正式年化,11,2023Q1,2025Q4,正式贡献,12,37549999.99999999,-0.01365913201029223,-0.025384584057300152,0.05018074768689518,0.02833176578301444,0.014928929063916518,-0.04199089779330667,-0.028588061074208748,7,0.5833333333333334,0.00612604503844727,0.0020378593212140306,False,True
009154.OF,海富通富盈混合A,海富通基金,收入型,正式年化,9,2023Q1,2026Q1,正式贡献,12,63720000.0,0.02741796242302552,0.055305596296099546,0.034988648643757614,0.04676219945557136,0.031121660228407233,-0.01934423703254584,-0.0037036978053817116,3,0.25,-0.033676460551333665,-0.01135391024595822,False,False
009164.OF,中加聚庆定开混合A,中加基金,收入型,年化观察池,7,2023Q2,2026Q1,正式贡献,10,80700000.0,,,,,,,,1,0.1,0.004506147618372314,0.0018000282422239167,,True
009181.OF,浙商智多兴稳健一年持有期A,浙商基金,收入型,正式年化,13,2023Q1,2026Q1,正式贡献,12,159690000.0,0.00625183743116442,0.06555749968804503,0.043099338066887816,0.047468311967007404,0.03196155672156564,-0.041216474535842984,-0.025709719290401223,7,0.5833333333333334,0.008167129241479554,0.0027149985258831943,False,True
009201.OF,中邮优享一年定期开放混合A,中邮基金,收入型,年化观察池,3,2023Q2,2025Q2,正式贡献,12,108410000.0,,,,,,,,6,0.5,0.012505215848613638,0.004151149397293219,,True
009215.OF,易方达瑞川混合A,易方达基金,成长型,年化观察池,3,2024Q1,2026Q1,正式贡献,12,74010000.0,,,,,,,,7,0.5833333333333334,0.008790556314752784,0.0029216411382797514,,True
009415.OF,中邮瑞享两年定期开放混合A,中邮基金,收入型,正式年化,8,2023Q1,2026Q1,贡献观察池,6,50210000.0,0.2661143545461424,0.10717648973972316,0.044056370608669626,0.07134540889450713,0.043038040287227464,0.19476894565163527,0.22307631425891494,1,0.16666666666666666,0.0005629612125630512,,True,
009419.OF,宝盈祥明一年定开混合A,宝盈基金,收入型,年化观察池,4,2023Q3,2025Q4,正式贡献,10,75900000.0,,,,,,,,3,0.3,0.016301173139140035,0.006488856190440151,,True
009423.OF,招商瑞信稳健配置混合A,招商基金,收入型,正式年化,13,2023Q1,2026Q1,正式贡献,12,1071780000.0,0.04986210400086799,0.06555749968804503,0.043099338066887816,0.057457837646136545,0.031410747939993655,-0.007595733645268554,0.018451356060874335,7,0.5833333333333334,-0.004666515486463574,-0.0015579310508700983,False,False
009475.OF,汇丰晋信慧盈混合,汇丰晋信基金,收入型,正式年化,10,2023Q1,2026Q1,正式贡献,12,56950000.0,-0.006595480891887884,0.034021496739438106,0.05459941533244228,0.05802857298052411,0.023418678155963324,-0.06462405387241199,-0.030014159047851208,5,0.4166666666666667,0.010701541677448745,0.0035545308991049573,False,True
009499.OF,景顺长城安鑫回报一年持有期混合A,景顺长城基金,收入型,正式年化,9,2023Q1,2025Q2,正式贡献,9,36030000.0,-0.044427177642978655,0.07216288990026087,0.03813177817474944,0.023928637202986325,0.030522899282198424,-0.06835581484596498,-0.07495007692517708,4,0.4444444444444444,-0.0027185165891079333,-0.0012091432702201477,False,False
009568.OF,浙商智多宝稳健一年持有期A,浙商基金,收入型,正式年化,11,2023Q2,2026Q1,正式贡献,12,40780000.0,0.022879873314027188,0.1282423885355779,0.039534296953400716,0.054637595128609995,0.043582947716380716,-0.03175772181458281,-0.020703074402353527,3,0.25,-0.010099390015596121,-0.003377860432571156,False,False
009606.OF,长信稳健精选混合A,长信基金,收入型,正式年化,9,2023Q2,2025Q3,正式贡献,11,47430000.0,0.02676411636836029,0.071747180202679,0.03655352210118079,0.03344858381010263,0.03452800319149141,-0.006684467441742337,-0.0077638868231311164,8,0.7272727272727273,0.028784927879221378,0.010372855895076194,False,True
009671.OF,平安恒泽混合A,平安基金,收入型,年化观察池,6,2024Q1,2026Q1,正式贡献,12,86459999.99999999,,,,,,,,3,0.25,-0.006630297445332722,-0.00221500175879763,,False
009689.OF,易方达瑞锦混合A,易方达基金,成长型,年化观察池,2,2023Q3,2025Q3,正式贡献,12,4446130000.0,,,,,,,,6,0.5,0.03464174460995029,0.011416417627169828,,True
009736.OF,汇添富稳健收益混合A,汇添富基金,收入型,年化观察池,5,2023Q3,2025Q4,正式贡献,12,581730000.0,,,,,,,,7,0.5833333333333334,-0.012032858330623397,-0.004027148934745872,,False
009766.OF,安信平稳双利3个月持有混合A,安信基金,收入型,正式年化,11,2023Q1,2026Q1,正式贡献,12,200520000.00000003,0.03646387869488432,0.08862982111102125,0.04168890259866753,0.026284675646726097,0.03295243850996066,0.010179203048158225,0.0035114401849236643,2,0.16666666666666666,0.0011448855797331348,0.00038148297880891135,True,True
009817.OF,红塔红土稳健精选混合型A,红塔红土,收入型,年化观察池,2,2023Q1,2026Q1,贡献观察池,5,10270000.0,,,,,,,,3,0.6,0.03169772604324761,,,
009902.OF,易方达悦享一年持有混合A,易方达基金,收入型,年化观察池,5,2023Q2,2025Q3,正式贡献,12,256690000.0,,,,,,,,2,0.16666666666666666,0.0034730535825471254,0.0011563468740241056,,True
009965.OF,宝盈祥琪混合A,宝盈基金,收入型,正式年化,10,2023Q1,2026Q1,正式贡献,8,130000.0,-0.0175812695901163,0.034021496739438106,0.05459941533244228,0.030475015384276993,0.02328589508083967,-0.04805628497439329,-0.04086716467095597,2,0.25,0.0003229600205065797,0.00016146697446139946,False,True
010029.OF,富国稳进回报12个月持有期混合A,富国基金,收入型,正式年化,12,2023Q1,2026Q1,正式贡献,12,813970000.0000001,0.06759605055661555,0.09745496269582743,0.041933381663660674,0.05457944922802471,0.03717422866446363,0.013016601328590838,0.030421821892151923,5,0.4166666666666667,0.027531808134947156,0.009094312145303096,True,True
010045.OF,汇添富稳健添盈一年持有混合,汇添富基金,收入型,年化观察池,5,2024Q4,2026Q1,正式贡献,12,581840000.0,,,,,,,,4,0.3333333333333333,0.0012883995235422052,0.0004292821982718742,,True
010239.OF,平安瑞尚六个月持有混合A,平安基金,收入型,年化观察池,7,2023Q1,2026Q1,贡献观察池,6,195480000.0,,,,,,,,6,1.0,0.04006964780834288,,,
010242.OF,平安稳健增长混合A,平安基金,收入型,年化观察池,5,2023Q2,2026Q1,正式贡献,12,1543240000.0,,,,,,,,5,0.4166666666666667,-0.0243142193939323,-0.00817132853988689,,False
010257.OF,天弘多利一年定开混合A,天弘基金,收入型,正式年化,9,2023Q1,2025Q3,正式贡献,10,423730000.0,0.02020806535606212,-0.019168670416366718,0.05002299265160781,0.03929641051112509,0.012177464406097904,-0.01908834515506297,0.008030600949964217,5,0.5,0.07025844334656717,0.02753225853021135,False,True
010404.OF,博道盛利6个月持有期混合,博道基金,收入型,正式年化,13,2023Q1,2026Q1,正式贡献,12,27039999.999999996,0.034909921887340545,0.06555749968804503,0.043099338066887816,0.04482317470879216,0.031942736444824815,-0.009913252821451612,0.0029671854425157296,7,0.5833333333333334,-0.025974538494026422,-0.008734244420428694,False,False
010465.OF,鹏扬景创混合A,鹏扬基金,收入型,年化观察池,7,2023Q2,2026Q1,贡献观察池,7,11779999.999999998,,,,,,,,4,0.5714285714285714,0.0251495981418568,,,
010480.OF,汇添富稳进双盈一年持有混合,汇添富基金,收入型,正式年化,8,2023Q1,2026Q1,正式贡献,12,160770000.0,0.01413867986951578,0.07575911168547611,0.04545702580331934,0.04882940248651546,0.03388943115387133,-0.03469072261699968,-0.01975075128435555,5,0.4166666666666667,-0.022625217902917827,-0.0075993430280405505,False,False
010503.OF,招商稳兴混合A,招商基金,收入型,年化观察池,6,2024Q1,2025Q4,正式贡献,8,51120000.0,,,,,,,,3,0.375,-0.06801133270989257,-0.034604398554609395,,False
010534.OF,广发均衡增长混合A,广发基金,收入型,正式年化,13,2023Q1,2026Q1,正式贡献,12,1188009999.9999998,0.05316546361178598,0.06555749968804503,0.043099338066887816,0.049078994325596925,0.03145128651690521,0.004086469286189054,0.02171417709488077,6,0.5,0.019939703924652052,0.006602874071629072,True,True
010597.OF,创金合信景雯混合A,创金合信基金,成长型,正式年化,10,2023Q1,2026Q1,正式贡献,12,52070000.00000001,0.04608504800125757,0.12257573332944283,0.039481988726562056,0.06531457104180705,0.08378717614332865,-0.01922952304054948,-0.03770212814207108,5,0.4166666666666667,0.019234649959744443,0.006370875735125292,False,True
010636.OF,财通安盈混合A,财通基金,收入型,正式年化,12,2023Q1,2026Q1,正式贡献,12,158980000.0,0.1411642408173559,0.0667681742093853,0.0409985989082291,0.04710332116011684,0.03078183456808481,0.09406091965723906,0.11038240624927109,5,0.4166666666666667,-0.03566412966099519,-0.012032237300124926,True,False
010640.OF,财通稳进回报6个月持有期混合A,财通基金,收入型,年化观察池,6,2023Q1,2024Q2,贡献观察池,6,45810000.0,,,,,,,,2,0.3333333333333333,-0.023220356811896048,,,
010712.OF,中欧瑾利混合A,中欧基金,收入型,正式年化,10,2023Q4,2026Q1,正式贡献,12,58139999.99999999,0.05720487915380157,0.1606412348693098,0.04075963899672397,0.06340502915006252,0.053298502443705154,-0.006200149996260951,0.003906376710096415,8,0.6666666666666666,-0.02549222331430101,-0.008570654026234914,False,False
010797.OF,长城优选回报六个月持有混合A,长城基金,收入型,年化观察池,7,2023Q1,2026Q1,正式贡献,12,54020000.0,,,,,,,,3,0.25,0.0048161586040227355,0.0016028158102647794,,True
010807.OF,融通稳信增益6个月持有期混合A,融通基金,收入型,正式年化,13,2023Q1,2026Q1,正式贡献,12,297700000.0,0.20205229647734702,0.06555749968804503,0.043099338066887816,0.05602420519679563,0.03152113028685766,0.1460280912805514,0.17053116619048936,3,0.25,0.006650191003595651,0.002211834515686073,True,True
010839.OF,易方达瑞安混合A,易方达基金,成长型,年化观察池,1,2026Q1,2026Q1,正式贡献,12,84400000.00000001,,,,,,,,4,0.3333333333333333,-0.0010154348662042567,-0.0003385929209615002,,False
010843.OF,富国天润回报混合A,富国基金,收入型,正式年化,10,2023Q1,2025Q3,正式贡献,12,77899999.99999999,0.01971065717257625,0.04208827409250815,0.03972334792930998,0.04471164154066676,0.028398867003153416,-0.025000984368090506,-0.008688209830577165,7,0.5833333333333334,-0.039265510667520265,-0.01326365017174902,False,False
010890.OF,交银鸿福六个月混合A,交银施罗德基金,收入型,正式年化,10,2023Q1,2025Q4,正式贡献,12,52090000.0,0.02948162882036809,0.03409643865470513,0.04219387090957727,0.033320965183685436,0.02823349411765652,-0.003839336363317347,0.0012481347027115675,3,0.25,0.0059745000930480074,0.0019875470704942,False,True
010904.OF,博时双季鑫6个月持有期混合A,博时基金,收入型,年化观察池,7,2023Q2,2026Q1,正式贡献,12,46060000.0,,,,,,,,8,0.6666666666666666,0.020160483345142977,0.00667549966079628,,True
010916.OF,交银臻选回报混合A,交银施罗德基金,收入型,年化观察池,6,2023Q1,2025Q2,贡献观察池,7,10550000.0,,,,,,,,4,0.5714285714285714,-0.025540491904579854,,,
010940.OF,大成安享得利六月持有混合A,大成基金,收入型,正式年化,8,2023Q1,2026Q1,正式贡献,12,2306190000.0,0.04536295611278551,0.06493170765369705,0.04779059531721197,0.05110641782461256,0.02517314987954422,-0.005743461711827047,0.020189806233241292,4,0.3333333333333333,-0.01482900958395117,-0.004967639776715882,False,False
010971.OF,华夏永鑫六个月持有混合A,华夏基金,收入型,年化观察池,7,2023Q1,2026Q1,正式贡献,12,101600000.0,,,,,,,,3,0.25,-0.0021870219935619106,-0.0007295394295394608,,False
010981.OF,兴全汇虹一年持有混合A,兴证全球基金,收入型,正式年化,10,2023Q1,2025Q2,正式贡献,12,648970000.0,0.04819626447283354,0.055871646558109944,0.045691020844350616,0.042618509290215156,0.03205607902691243,0.0055777551826183824,0.016140185445921107,5,0.4166666666666667,-0.004856392918699548,-0.0016214252384506578,True,False
011027.OF,国寿安保稳弘混合A,国寿安保基金,收入型,正式年化,9,2023Q1,2026Q1,正式贡献,12,48720000.0,0.031287894514482106,0.043915408261399724,0.049895485740789614,0.04692766765175871,0.02731251652649158,-0.015639773137276602,0.003975377987990525,8,0.6666666666666666,0.07817678055578936,0.025407898113581462,False,True
011056.OF,博时汇兴回报一年持有期混合,博时基金,成长型,正式年化,12,2023Q1,2025Q4,正式贡献,12,2885180000.0,0.12237614389669726,0.03181867512910386,0.04264716587763662,0.04411153451712213,0.04018120550304105,0.07826460937957513,0.08219493839365621,5,0.4166666666666667,0.000775981494322231,0.00025859362168212385,True,True
011071.OF,鹏华安悦一年持有期混合A,鹏华基金,收入型,年化观察池,4,2025Q2,2026Q1,正式贡献,12,112120000.0,,,,,,,,4,0.3333333333333333,0.005615122676355666,0.0018682151574118677,,True
011086.OF,易方达瑞康混合A,易方达基金,成长型,年化观察池,2,2025Q4,2026Q1,正式贡献,12,97830000.0,,,,,,,,4,0.3333333333333333,0.020624869009191915,0.00682822555098106,,True
011093.OF,永赢宏泽一年定开混合,永赢基金,成长型,正式年化,11,2023Q1,2026Q1,正式贡献,9,1077190000.0,0.40657887984214414,0.028855452037022777,0.037306181595361254,0.060285066849570246,0.04574570071949258,0.3462938129925739,0.36083317912265156,3,0.3333333333333333,-0.0017640766123847573,-0.0007844185951391136,True,False
011105.OF,长信稳健均衡6个月持有期混合A,长信基金,收入型,正式年化,8,2023Q1,2026Q1,正式贡献,9,50430000.0,-0.01699646435814728,0.041610092942548915,0.0355906618125994,0.017763759716851846,0.023647481591213104,-0.034760224074999124,-0.04064394594936038,7,0.7777777777777778,-0.017817886592651266,-0.007958621700645208,False,False
011190.OF,招商瑞安1年持有期混合A,招商基金,收入型,正式年化,13,2023Q1,2026Q1,正式贡献,12,179270000.0,0.04717806010586423,0.06555749968804503,0.043099338066887816,0.0574174594566097,0.03136623561680674,-0.01023939935074547,0.01581182448905749,8,0.6666666666666666,-0.0003576022840503512,-0.00011921497299516304,False,False
011192.OF,广发恒荣三个月持有期混合A,广发基金,收入型,正式年化,12,2023Q1,2026Q1,正式贡献,12,2855480000.0,-0.0013126974495725197,0.07868490866688593,0.03722431868323661,0.0280685393640685,0.030726804520042617,-0.02938123681364102,-0.032039501969615136,5,0.4166666666666667,-0.032438407440563255,-0.010931872849964996,False,False
011243.OF,万家惠裕回报6个月持有期混合A,万家基金,收入型,年化观察池,4,2023Q3,2025Q3,正式贡献,12,49510000.0,,,,,,,,7,0.5833333333333334,-0.0034350539216423392,-0.0011463315477759917,,False
011290.OF,前海联合添瑞一年持有期混合A,前海联合,收入型,正式年化,11,2023Q1,2026Q1,正式贡献,10,4700000.0,-0.0156608092394821,0.010683311323519185,0.04836944675093169,0.03858976694421301,0.01866069316308594,-0.05425057618369511,-0.03432150240256804,7,0.7,-0.0035855180581491064,-0.0014357528930153407,False,False
011336.OF,兴全汇吉一年持有混合A,兴证全球基金,收入型,正式年化,11,2023Q1,2026Q1,正式贡献,12,814710000.0,0.016245249540448814,0.07396004934241796,0.042769266560541475,0.04163716636548265,0.0332291947400194,-0.025391916825033833,-0.016983945199570583,7,0.5833333333333334,-0.022595762505204342,-0.0075893737160530605,False,False
011395.OF,博时恒元6个月持有期混合A,博时基金,收入型,年化观察池,7,2023Q1,2025Q4,正式贡献,12,67480000.0,,,,,,,,6,0.5,-0.027740562838148297,-0.009333701213329104,,False
011494.OF,华泰紫金丰和偏债混合发起A,华泰证券(上海)资产管理,收入型,正式年化,9,2023Q3,2026Q1,正式贡献,12,99380000.0,0.03184932436492782,0.07928836991621302,0.03498370675088647,0.02448352581198976,0.039051519229931,0.007365798552938063,-0.007202194865003175,5,0.4166666666666667,-0.047299552336105055,-0.01602184606307222,True,False
011504.OF,上银丰益混合A,上银基金,收入型,正式年化,13,2023Q1,2026Q1,正式贡献,12,50840000.0,0.11866427474684804,0.06555749968804503,0.043099338066887816,0.05713360946413615,0.031476595519733586,0.061530665282711894,0.08718767922711446,1,0.08333333333333333,-0.0014716390457374384,-0.0004907871812307452,True,False
011527.OF,博时恒悦6个月持有期混合A,博时基金,收入型,年化观察池,1,2026Q1,2026Q1,正式贡献,12,109010000.0,,,,,,,,4,0.3333333333333333,-0.020895369083460236,-0.007014207098140712,,False
011534.OF,万家民瑞祥明6个月持有期混合A,万家基金,收入型,年化观察池,6,2023Q1,2025Q4,正式贡献,12,22570000.0,,,,,,,,4,0.3333333333333333,0.0029695443551098766,0.0009888699323001848,,True
011572.OF,鹏华安荣混合A,鹏华基金,收入型,年化观察池,5,2023Q1,2026Q1,贡献观察池,7,6010000.0,,,,,,,,2,0.2857142857142857,0.008103966535455198,,,
011736.OF,宝盈祥庆9个月持有混合A,宝盈基金,收入型,年化观察池,6,2024Q2,2026Q1,正式贡献,12,57180000.0,,,,,,,,1,0.08333333333333333,0.007877326522315542,0.0026189108260876726,,True
011743.OF,华夏兴源稳健一年持有混合A,华夏基金,收入型,正式年化,11,2023Q1,2026Q1,正式贡献,12,179640000.0,0.057723768069729564,0.016132505097544936,0.05265763428551762,0.04759290806561145,0.021935396505400995,0.010130860004118114,0.03578837156432857,5,0.4166666666666667,0.0003983898131019181,0.00013277897333119348,True,True
011775.OF,格林鑫悦一年持有期混合A,格林基金,收入型,年化观察池,7,2023Q1,2025Q4,正式贡献,10,72030000.0,,,,,,,,7,0.7,0.061936196637365715,0.024328767405733975,,True
011788.OF,工银聚益混合A,工银瑞信基金,收入型,正式年化,10,2023Q1,2026Q1,正式贡献,12,160400000.0,0.023416489434797683,0.13027036416758841,0.04015105342620107,0.04565526735899805,0.03977801348067311,-0.02223877792420037,-0.01636152404587543,7,0.5833333333333334,-0.02260814280533774,-0.007593563859978225,False,False
011798.OF,华安宁享6个月混合A,华安基金,收入型,年化观察池,5,2023Q4,2026Q1,正式贡献,12,35780000.0,,,,,,,,6,0.5,-0.04439041450646375,-0.015021314935191543,,False
011913.OF,华夏永泓一年持有混合A,华夏基金,收入型,正式年化,8,2023Q1,2025Q4,正式贡献,12,321480000.00000006,0.0031696419540094833,-0.09990464256512166,0.047008172617517774,0.006262899678849854,-0.0014432263739651008,-0.0030932577248403703,0.004612868327974584,3,0.25,0.002050833780061989,0.0006831444673860432,False,True
011989.OF,汇安鑫泽稳健一年持有期混合A,汇安基金,收入型,正式年化,13,2023Q1,2026Q1,正式贡献,12,160520000.0,-0.011573513434784966,0.06555749968804503,0.043099338066887816,0.04408162137984584,0.032061978840229655,-0.0556551348146308,-0.04363549227501462,4,0.3333333333333333,0.017795364231545818,0.005896945754546357,False,True
011991.OF,汇安泓利一年持有期混合A,汇安基金,收入型,正式年化,13,2023Q1,2026Q1,正式贡献,12,248829999.99999997,-0.005145134218513703,0.06555749968804503,0.043099338066887816,0.03560970121371043,0.03192418023475052,-0.040754835432224135,-0.037069314453264224,6,0.5,-0.0037222479830629762,-0.001242291977974208,False,False
012005.OF,信澳恒盛混合A,信达澳亚基金,收入型,正式年化,11,2023Q1,2026Q1,正式贡献,12,52740000.0,0.04350121521158257,0.08862982111102125,0.04168890259866753,0.02752389674654121,0.03256904786605497,0.015977318465041357,0.0109321673455276,8,0.6666666666666666,-0.020805877552851793,-0.006983954590429331,True,False
012008.OF,易方达稳健回报混合A,易方达基金,平衡型,年化观察池,0,,,正式贡献,12,730340000.0,,,,,,,,3,0.25,-0.00978603331140604,-0.003272710050614136,,False
012010.OF,富国泰享回报6个月持有期混合A,富国基金,收入型,正式年化,12,2023Q1,2026Q1,正式贡献,12,187500000.0,0.03573266239808759,0.060364502188504865,0.03992946359822813,0.03702462691645825,0.03173359190807723,-0.0012919645183706585,0.003999070490010359,4,0.3333333333333333,-0.027446271427054247,-0.009233756979962426,False,False
012014.OF,工银聚润6个月持有期混合A,工银瑞信基金,收入型,正式年化,13,2023Q1,2026Q1,正式贡献,12,770309999.9999999,0.03100423854615908,0.06555749968804503,0.043099338066887816,0.038297432256108266,0.0315560211702921,-0.007293193709949186,-0.0005517826241330237,4,0.3333333333333333,-0.014116226374284557,-0.004727724950908896,False,False
012036.OF,诺德兴远优选,诺德基金,成长型,正式年化,12,2023Q1,2026Q1,正式贡献,12,81660000.0,0.07443962540039362,0.0667681742093853,0.0409985989082291,0.052429662064104265,0.05304522117462973,0.02200996333628935,0.021394404225763886,4,0.3333333333333333,-0.0070245449083041756,-0.002347019158849273,True,False
012071.OF,中加喜利回报混合A,中加基金,成长型,正式年化,13,2023Q1,2026Q1,正式贡献,12,62739999.99999999,0.09835705729359256,0.06555749968804503,0.043099338066887816,0.056014534172307284,0.053648250296893574,0.04234252312128528,0.04470880699669899,5,0.4166666666666667,0.03701512635788751,0.0121891952947768,True,True
012075.OF,易方达稳健添利混合A,易方达基金,平衡型,年化观察池,0,,,正式贡献,12,53040000.0,,,,,,,,5,0.4166666666666667,-0.01807277040169808,-0.006060917303765345,,False
012111.OF,鹏华安颐混合A,鹏华基金,收入型,正式年化,9,2023Q3,2026Q1,正式贡献,10,16910000.0,0.12404383011275422,0.15478380623347476,0.0413448163310115,0.04174898090693979,0.05076889550401242,0.08229484920581442,0.07327493460874179,6,0.6,0.0011110529315867534,0.00044427312771500027,True,True
012121.OF,华夏永润六个月持有混合A,华夏基金,收入型,年化观察池,5,2023Q3,2026Q1,正式贡献,12,128220000.0,,,,,,,,3,0.25,-0.0017980642360688748,-0.0005997143307375774,,False
012218.OF,博时乐享混合A,博时基金,收入型,正式年化,10,2023Q1,2026Q1,正式贡献,12,325820000.0,0.05623373862636405,0.12181622700551697,0.03216375375697944,0.044217281430045885,0.03648297699296932,0.012016457196318164,0.01975076163339473,6,0.5,0.003738778377890828,0.0012447095147107845,True,True
012268.OF,浙商智多享稳健混合型发起式A,浙商基金,收入型,正式年化,9,2023Q3,2026Q1,正式贡献,12,11270000.0,-0.005586385743280409,0.07967575653611347,0.039703795114392815,0.03315020293087545,0.04069953672699378,-0.03873658867415586,-0.04628592247027419,8,0.6666666666666666,0.04614033930651562,0.015149448354705441,False,True
012270.OF,富国腾享回报6个月滚动持有混合发起式A,富国基金,收入型,正式年化,10,2023Q1,2026Q1,正式贡献,12,415750000.0,0.12432377532534566,0.09993087361058572,0.03808940692708984,0.06374180631974147,0.03983084378211155,0.0605819690056042,0.08449293154323412,2,0.16666666666666666,-0.009612418082837637,-0.0032144610493657355,True,False
012287.OF,东海启航6个月混合A,东海基金,收入型,正式年化,12,2023Q1,2026Q1,正式贡献,12,19579999.999999996,0.01873297244260841,0.0667681742093853,0.0409985989082291,0.04508232330221529,0.03063128163405393,-0.02634935085960688,-0.011898309191445522,3,0.25,-0.013899097672207095,-0.004654664846392764,False,False
012334.OF,上银慧尚6个月持有期混合A,上银基金,收入型,正式年化,12,2023Q1,2026Q1,正式贡献,12,22680000.0,0.04112640846044413,0.08545491224770352,0.043908735246007025,0.047789892149833646,0.03376591484946956,-0.0066634836893895155,0.007360493610974572,4,0.3333333333333333,-0.01678326603827851,-0.005626014695834014,False,False
012366.OF,摩根安荣回报混合A,摩根基金(中国),收入型,正式年化,8,2023Q1,2026Q1,正式贡献,12,208590000.0,-0.028975941703214936,0.03281283045372807,0.05294850748821278,0.04678062991707965,0.017438738659135478,-0.07575657162029459,-0.04641468036235041,9,0.75,-0.03932640566239942,-0.013284498309363957,False,False
012459.OF,汇添富稳健睿享一年持有混合A,汇添富基金,收入型,年化观察池,6,2024Q2,2026Q1,正式贡献,12,74620000.0,,,,,,,,3,0.25,-0.016328970295039658,-0.005472887958725026,,False
012479.OF,汇安信泰稳健一年持有期混合A,汇安基金,收入型,正式年化,13,2023Q1,2026Q1,正式贡献,12,45070000.0,0.011342918314620754,0.06555749968804503,0.043099338066887816,0.030535598817379217,0.03216027192826587,-0.019192680502758463,-0.020817353613645118,3,0.25,0.008605083900862676,0.0028601729119017705,False,True
012521.OF,英大稳固增强核心一年持有混合A,英大基金,收入型,年化观察池,5,2024Q1,2026Q1,正式贡献,12,35040000.00000001,,,,,,,,3,0.25,-0.04758070397580905,-0.01611864958977216,,False
012572.OF,恒越乐享添利混合A,恒越基金,收入型,年化观察池,4,2023Q1,2026Q1,正式贡献,12,26520000.0,,,,,,,,8,0.6666666666666666,0.03369263763701169,0.01110705577740001,,True
012661.OF,广发恒益一年持有期混合A,广发基金,收入型,正式年化,9,2023Q1,2025Q4,正式贡献,12,50820000.0,0.00510628502140853,-0.005738177477107587,0.037478341073388544,0.029622825558964783,0.025765647279067494,-0.024516540537556253,-0.020659362257658964,3,0.25,-0.003921752676527057,-0.0013089635301124503,False,False
012675.OF,国新国证融泽6个月定开混合A,国新国证基金,成长型,年化观察池,6,2023Q1,2025Q3,正式贡献,10,51449999.99999999,,,,,,,,8,0.8,-0.023168272246495647,-0.009332529253067268,,False
012955.OF,国寿安保稳盛6个月持有期混合A,国寿安保基金,收入型,正式年化,11,2023Q2,2026Q1,正式贡献,12,278050000.0,0.07815728861268267,0.08670952720976577,0.037353428847920256,0.039395518619764536,0.036445224688407496,0.03876176999291814,0.04171206392427518,7,0.5833333333333334,-0.016519350712146497,-0.005537052602158865,True,False
012991.OF,大成民享安盈一年持有混合A,大成基金,收入型,正式年化,10,2023Q1,2026Q1,正式贡献,12,60329999.99999999,0.07050662903977556,0.07062077580955783,0.04396542046851559,0.04934785903378813,0.04064079720620417,0.021158770005987426,0.029865831833571388,2,0.16666666666666666,0.0017508201840059634,0.0005832664620937233,True,True
013113.OF,博时博盈稳健6个月持有期混合A,博时基金,收入型,年化观察池,4,2024Q3,2025Q4,正式贡献,12,1148390000.0,,,,,,,,6,0.5,-0.0004942900411579743,-0.00016479050147033547,,False
013141.OF,中信保诚弘远混合A,中信保诚基金,成长型,正式年化,9,2023Q1,2026Q1,正式贡献,8,648790000.0,0.12978110673336896,0.14809335567532722,0.03598820905362454,0.13221775879925457,0.0941846336583343,-0.002436652065885614,0.03559647307503466,2,0.25,0.007454519490724509,0.003720339283171281,False,True
013143.OF,富国安诚回报12个月持有期混合A,富国基金,收入型,正式年化,13,2023Q1,2026Q1,正式贡献,12,125850000.0,0.06316087050866726,0.06555749968804503,0.043099338066887816,0.052167943484019874,0.03154847739474764,0.010992927024647381,0.03161239311391961,8,0.6666666666666666,-0.0011615778041484948,-0.0003873426163136795,True,False
013184.OF,广发恒阳一年持有期混合A,广发基金,收入型,正式年化,9,2023Q1,2025Q3,正式贡献,12,119400000.0,-0.006854797734954121,0.0024285697759154345,0.03649582027981002,0.028848051965028265,0.01937420549904978,-0.035702849699982386,-0.0262290032340039,3,0.25,0.0031496412782481276,0.0010487801018490561,False,True
013193.OF,华商稳健添利一年持有混合A,华商基金,收入型,正式年化,11,2023Q3,2026Q1,正式贡献,12,48950000.0,0.06160072066280753,0.1151903547976707,0.04224296546238837,0.04761477347516618,0.04484939953553302,0.013985947187641345,0.01675132112727451,7,0.5833333333333334,-0.016958524546822118,-0.005685100636672491,True,False
013657.OF,同泰同欣混合A,同泰基金,收入型,年化观察池,7,2023Q1,2026Q1,贡献观察池,7,397540000.0,,,,,,,,2,0.2857142857142857,-0.0015238810113292756,,,
013694.OF,弘毅远方久盈混合A,弘毅远方基金,收入型,正式年化,11,2023Q1,2026Q1,正式贡献,12,32630000.000000004,0.007530325674711458,0.028855452037022777,0.037306181595361254,0.019404558940099736,0.024663944987142195,-0.011874233265388279,-0.017133619312430737,5,0.4166666666666667,-0.016073120005102304,-0.005386670790291537,False,False
013824.OF,汇丰晋信慧悦混合,汇丰晋信基金,收入型,正式年化,10,2023Q1,2026Q1,正式贡献,12,32600000.0,-0.001245253964414772,-0.026708421210715705,0.053103579576780024,0.0469994572918957,0.013791627568659148,-0.04824471125631047,-0.01503688153307392,6,0.5,0.03850202302527639,0.012672731154597328,False,True
013830.OF,中欧瑾尚混合A,中欧基金,收入型,正式年化,11,2023Q2,2026Q1,正式贡献,12,59080000.0,0.0018845054724845323,0.0938708775084447,0.03851692348573832,0.05560191191246844,0.036215652825954736,-0.053717406439983906,-0.034331147353470204,8,0.6666666666666666,-0.034763750501159874,-0.011724851700948724,False,False
013969.OF,华夏永利一年持有混合A,华夏基金,收入型,年化观察池,4,2023Q3,2026Q1,正式贡献,12,129770000.0,,,,,,,,3,0.25,0.0014202795888833553,0.00047320257363203666,,True
013980.OF,光大保德信恒鑫混合A,光大保德信基金,收入型,年化观察池,7,2023Q3,2025Q1,正式贡献,12,10410000.0,,,,,,,,9,0.75,0.0630660908679408,0.020594965867332782,,True
013985.OF,融通稳健增利6个月持有期混合A,融通基金,收入型,正式年化,9,2023Q1,2025Q4,正式贡献,12,60090000.0,0.007928032992052358,-0.005542164345453626,0.03234268152064179,0.020460923506204987,0.016537907087954107,-0.012532890514152628,-0.008609874095901748,7,0.5833333333333334,-0.02954757246339934,-0.009947821837753446,False,False
013998.OF,中欧瑾添混合A,中欧基金,收入型,正式年化,8,2023Q2,2026Q1,正式贡献,10,275010000.0,0.012742297906822797,0.15147417481854641,0.0393661397041285,0.0653528652129618,0.041611073387802566,-0.052610567306139,-0.02886877548097977,6,0.6,0.017908254400419432,0.007125180436593714,False,True
014053.OF,太平睿庆混合A,太平基金,收入型,年化观察池,2,2025Q1,2025Q2,正式贡献,12,114620000.0,,,,,,,,1,0.08333333333333333,-0.0006115122552288188,-0.00020387898222418155,,False
014148.OF,景顺长城安鼎一年持有混合A,景顺长城基金,收入型,正式年化,11,2023Q1,2026Q1,正式贡献,12,66070000.00000001,0.09727845766679155,0.08901991289257127,0.042247418943270665,0.06136947025130701,0.03838943316204091,0.03590898741548454,0.05888902450475064,6,0.5,0.015500002582354622,0.005140200594419442,True,True
014598.OF,永赢合享混合发起A,永赢基金,成长型,正式年化,11,2023Q1,2025Q4,正式贡献,12,78870000.0,0.052694285133525254,0.06244733298404359,0.041334782703815076,0.04338793575497801,0.05121992316785118,0.00930634937854724,0.0014743619656740758,9,0.75,0.016143428020723105,0.005352442915003364,True,True
014615.OF,尚正正鑫混合发起A,尚正基金,收入型,正式年化,8,2023Q2,2025Q4,正式贡献,10,53050000.00000001,0.01996985009873109,0.02136096363528428,0.044740049479179866,0.030007918844082715,0.022790313315220523,-0.010038068745351625,-0.0028204632164894328,8,0.8,-0.03051756772635994,-0.01232064160491475,False,False
014619.OF,财通资管稳兴增益六个月持有期混合A,财通资管,收入型,正式年化,10,2023Q1,2026Q1,正式贡献,12,217660000.0,0.038479045745656304,0.04076728651594985,0.033951161126527074,0.048238175356562385,0.023546248649517265,-0.009759129610906081,0.014932797096139039,7,0.5833333333333334,0.02177687839243503,0.007206895349765263,False,True
014625.OF,财通资管稳兴丰益六个月持有期混合A,财通资管,收入型,正式年化,13,2023Q1,2026Q1,正式贡献,12,60090000.0,0.09759048705173079,0.06555749968804503,0.043099338066887816,0.04164910139557354,0.03149169431690235,0.05594138565615725,0.06609879273482844,5,0.4166666666666667,-0.022660159546429526,-0.007611169444358135,True,False
014657.OF,中欧融享增益一年持有混合A,中欧基金,收入型,年化观察池,5,2025Q1,2026Q1,正式贡献,12,111580000.0,,,,,,,,2,0.16666666666666666,-0.00039682347049374567,-0.00013229199056363772,,False
014752.OF,长信稳健增长一年持有混合A,长信基金,收入型,正式年化,11,2023Q1,2026Q1,正式贡献,12,270340000.0,-0.00868804230123943,0.07075801588989683,0.0459758999339821,0.034686920153152334,0.03349172921220611,-0.04337496245439176,-0.04217977151344554,8,0.6666666666666666,-0.024575164705675334,-0.008259757322821804,False,False
014767.OF,景顺长城华城稳健6个月持有期混合A,景顺长城基金,收入型,正式年化,13,2023Q1,2026Q1,正式贡献,12,5161790000.0,0.06699009238944131,0.06555749968804503,0.043099338066887816,0.04457471810101099,0.03136939052981513,0.022415374288430323,0.03562070185962618,4,0.3333333333333333,0.0070640228070746325,0.002349151435285135,True,True
014803.OF,汇安添利18个月持有期混合A,汇安基金,收入型,正式年化,9,2023Q1,2025Q2,正式贡献,12,53390000.00000001,0.015906729688499377,0.05639912998499952,0.04317160678625798,0.04010498344792279,0.030439633205717964,-0.024198253759423416,-0.014532903517218587,6,0.5,0.01831301678695163,0.006067450517582174,False,True
014850.OF,长信稳健成长混合A,长信基金,收入型,正式年化,8,2023Q1,2025Q4,正式贡献,12,68770000.0,-0.03893683061770803,0.051057809918495733,0.045576194703320194,0.02370473130415829,0.03111651497356327,-0.06264156192186632,-0.0700533455912713,7,0.5833333333333334,-0.02824783934752595,-0.009506024617469966,False,False
015047.OF,富安达稳健配置6个月持有期混合,富安达基金,收入型,正式年化,10,2023Q1,2025Q4,正式贡献,12,50749999.99999999,-0.0035834167776817027,0.047973993033310514,0.037661179873285544,0.05174406649346075,0.02793043640492665,-0.05532748327114245,-0.03151385318260835,10,0.8333333333333334,0.008440311347000407,0.002805558595633917,False,True
015160.OF,南方宝嘉混合A,南方基金,收入型,年化观察池,4,2024Q1,2026Q1,正式贡献,12,687860000.0,,,,,,,,2,0.16666666666666666,-0.04102699575028412,-0.013867072078742937,,False
015235.OF,国寿安保稳泽两年持有期混合A,国寿安保基金,收入型,正式年化,12,2023Q1,2026Q1,正式贡献,12,100910000.0,0.08326363627415079,0.060364502188504865,0.03992946359822813,0.03866241760853928,0.031104015944691144,0.04460121866561151,0.052159620329459644,9,0.75,-0.0038595476635043813,-0.0012881745690255242,True,False
015519.OF,安信远见稳进一年持有混合A,安信基金,成长型,年化观察池,7,2024Q3,2026Q1,贡献观察池,6,57260000.0,,,,,,,,4,0.6666666666666666,0.007958818917998656,,,
015578.OF,南方宝祥混合A,南方基金,收入型,正式年化,12,2023Q1,2026Q1,正式贡献,12,37230000.0,0.00896785487228069,0.0667681742093853,0.0409985989082291,0.04764208123230884,0.03115682771527184,-0.03867422636002815,-0.02218897284299115,2,0.16666666666666666,-0.0049048030746299265,-0.0016376146761289956,False,False
015976.OF,光大保德信数字经济主题混合A,光大保德信基金,成长型,正式年化,8,2024Q2,2026Q1,正式贡献,8,13840000.0,0.3226685458148859,0.19935461577039582,0.031971293380573806,0.15002896092508067,0.1098266838273485,0.17263958488980524,0.2128418619875374,1,0.125,0.07569398830242813,0.03715668454791743,True,True
016641.OF,华商稳健泓利一年持有期混合A,华商基金,收入型,正式年化,11,2023Q3,2026Q1,正式贡献,10,64100000.0,0.04035817201704228,0.1151903547976707,0.04224296546238837,0.05282912024049469,0.04484458958740323,-0.012470948223452405,-0.0044864175703609455,8,0.8,0.02362182830415982,0.00938260326181406,False,True
016830.OF,广发恒裕一年持有期混合A,广发基金,收入型,正式年化,11,2023Q3,2026Q1,正式贡献,10,25260000.0,0.05836919129293294,0.1151903547976707,0.04224296546238837,0.05127537869907717,0.04483554559168912,0.007093812593855775,0.013533645701243824,8,0.8,0.05594545440788812,0.0220134093302915,True,True
016832.OF,东方红锦惠甄选18个月持有混合A,东方红资产管理,收入型,正式年化,10,2023Q3,2026Q1,正式贡献,12,24810000.0,0.08005202038878911,0.05554426002994273,0.050488946360854436,0.04572760994760139,0.03257576627994507,0.034324410441187725,0.04747625410884404,1,0.08333333333333333,-0.01569553336631402,-0.005259457856858996,True,False
016844.OF,红土创新稳益6个月持有期混合A,红土创新基金,收入型,年化观察池,7,2023Q3,2026Q1,正式贡献,11,158930000.0,,,,,,,,9,0.8181818181818182,-0.05381081851260949,-0.01991279549575864,,False
016873.OF,广发远见智选混合A,广发基金,成长型,正式年化,13,2023Q1,2026Q1,正式贡献,12,11986170000.000002,0.35910975233320563,0.06555749968804503,0.043099338066887816,0.0634811657827472,0.05386027233660662,0.2956285865504584,0.305249479996599,3,0.25,0.011705080920361377,0.003886568654799971,True,True
016961.OF,浙商汇金平稳增长一年混合,浙商证券资管,成长型,正式年化,11,2023Q2,2026Q1,正式贡献,12,61580000.0,0.02598378283263214,0.10720798203222359,0.03441002017291783,0.0901691373123723,0.06534582476334072,-0.06418535447974016,-0.03936204193070858,8,0.6666666666666666,0.02143820690750009,0.007095602314839633,False,True
016995.OF,华泰紫金安恒平衡配置混合发起A,华泰证券(上海)资产管理,收入型,正式年化,11,2023Q1,2025Q4,正式贡献,12,196490000.0,0.05787108800137997,0.030080245386131077,0.04031564713322178,0.022996155432182475,0.02566273600559077,0.03487493256919749,0.0322083519957892,6,0.5,-0.07033606055638009,-0.024017579511150577,True,False
017043.OF,汇添富品质价值混合,汇添富基金,成长型,正式年化,13,2023Q1,2026Q1,正式贡献,12,1627400000.0,0.08413215595762025,0.06555749968804503,0.043099338066887816,0.03808133754212406,0.053092095613320955,0.046050818415496186,0.03104006034429929,4,0.3333333333333333,-0.0022779662430130188,-0.0007598993818075384,True,False
017079.OF,格林鑫利六个月持有期混合A,格林基金,收入型,年化观察池,6,2023Q3,2025Q4,贡献观察池,6,101840000.0,,,,,,,,5,0.8333333333333334,-0.046224093331408866,,,
017265.OF,招商瑞成1年持有期混合A,招商基金,收入型,正式年化,10,2023Q3,2026Q1,正式贡献,10,56010000.00000001,0.07257865360066207,0.13686126953656363,0.03511768329858023,0.06501557947249337,0.044570450776392656,0.007563074128168701,0.028008202824269413,3,0.3,-0.017384970061475213,-0.00699059661553314,True,False
017298.OF,汇添富添添鑫多元收益9个月持有混合A,汇添富基金,收入型,年化观察池,7,2024Q1,2026Q1,正式贡献,10,61050000.00000001,,,,,,,,6,0.6,0.03345283672972377,0.013249188698605474,,True
017454.OF,国泰慧益一年持有混合A,国泰基金,收入型,正式年化,9,2023Q4,2026Q1,正式贡献,9,64499999.99999999,0.06395824599281763,0.19100297648494924,0.032693501833271466,0.046775334373155175,0.05409201923859386,0.017182911619662455,0.009866226754223772,3,0.3333333333333333,-0.01505494768269744,-0.006719290075541506,True,False
017568.OF,华夏稳茂增益一年持有混合A,华夏基金,收入型,正式年化,9,2023Q3,2026Q1,正式贡献,11,42170000.0,0.04293232733294361,0.1499204990459979,0.052236233650102326,0.06052950450398309,0.053596437402068764,-0.01759717717103948,-0.010664110069125154,7,0.6363636363636364,-0.05508583148701751,-0.020393252971954712,False,False
017575.OF,华夏稳兴增益一年持有混合A,华夏基金,收入型,正式年化,9,2023Q3,2026Q1,正式贡献,10,46300000.0,0.034490776534961354,0.14680780123599635,0.03145836246589062,0.05082824193419788,0.045585135984837155,-0.016337465399236528,-0.011094359449875801,6,0.6,-0.00825861887380519,-0.003311668368232379,False,False
017912.OF,华夏稳进增益一年持有混合A,华夏基金,收入型,年化观察池,5,2023Q4,2026Q1,正式贡献,9,25010000.0,,,,,,,,5,0.5555555555555556,-0.03570870647600566,-0.016030940395837967,,False
018212.OF,兴银稳惠180天持有期混合A,兴银基金管理,收入型,正式年化,10,2023Q2,2026Q1,正式贡献,11,56580000.0,0.05142059464004767,0.03336847769959461,0.04635861189060275,0.049384399289109204,0.02265894456019546,0.0020361953509384634,0.028761650079852208,6,0.5454545454545454,-0.030632906053919995,-0.011249662453253095,True,False
018465.OF,嘉实稳健添翼一年持有混合A,嘉实基金,收入型,正式年化,9,2023Q3,2026Q1,正式贡献,10,416920000.0,0.032989845159800524,0.1472194224580714,0.036162373342931264,0.044267423266998396,0.04698429212363542,-0.011277578107197872,-0.013994446963834895,5,0.5,-0.00885783159455189,-0.0035525927169673954,False,False
018620.OF,兴全兴晨六个月持有混合A,兴证全球基金,收入型,正式年化,9,2023Q4,2026Q1,正式贡献,10,2270860000.0,0.03254620148888043,0.19100297648494924,0.032693501833271466,0.05018565848276224,0.05465021182122065,-0.017639456993881808,-0.022104010332340218,8,0.8,-0.007061806655937697,-0.0028307295985759984,False,False
018626.OF,富国兴享回报6个月持有期混合A,富国基金,收入型,正式年化,11,2023Q3,2026Q1,正式贡献,10,37820000.0,0.08250770315153,0.1151903547976707,0.04224296546238837,0.05342612330543184,0.04532267567369486,0.02908157984609816,0.03718502747783514,6,0.6,-0.021991639245336425,-0.008855382144042134,True,False
019146.OF,农银均衡优选混合A,农银汇理基金,平衡型,年化观察池,0,,,贡献观察池,6,53080000.00000001,,,,,,,,4,0.6666666666666666,0.05592871806830413,,,
019698.OF,招商安泽稳利9个月持有期混合A,招商基金,收入型,年化观察池,7,2024Q1,2026Q1,正式贡献,8,2163890000.0,,,,,,,,4,0.5,0.01562430584619956,0.0077818741405302205,,True
020005.OF,国泰金马稳健回报混合A,国泰基金,成长型,正式年化,8,2023Q2,2026Q1,贡献观察池,6,685440000.0,0.1381638649671144,0.06396623474800256,0.05111168541067679,0.031374724417836175,0.03540093791534615,0.10678914054927824,0.10276292705176826,3,0.5,-0.05383410167329472,,True,
020147.OF,兴银价值平衡混合A,兴银基金管理,平衡型,年化观察池,0,,,贡献观察池,7,53950000.0,,,,,,,,5,0.7142857142857143,0.03074082688602564,,,
020600.OF,国寿安保景气优选混合发起式A,国寿安保基金,成长型,正式年化,9,2024Q1,2026Q1,正式贡献,8,29740000.0,0.4495238729192188,0.164108920040543,0.03628616625386183,0.13916674984633648,0.09596461357562691,0.3103571230728823,0.3535592593435919,2,0.25,0.02997893960265996,0.014878780743128983,True,True
020864.OF,银华嘉选平衡混合发起式A,银华基金,成长型,年化观察池,6,2024Q3,2026Q1,贡献观察池,6,13310000.0,,,,,,,,5,0.8333333333333334,-0.015419235326313951,,,
021247.OF,兴全红利混合A,兴证全球基金,成长型,年化观察池,6,2024Q4,2026Q1,贡献观察池,6,444240000.0,,,,,,,,1,0.16666666666666666,-0.002069253109448721,,,
080008.OF,长盛战略新兴产业混合A,长盛基金,成长型,正式年化,13,2023Q1,2026Q1,正式贡献,12,108700000.0,0.07328929413754115,0.06555749968804503,0.043099338066887816,0.06800700215871003,0.05352010220193293,0.005282291978831122,0.01976919193560822,7,0.5833333333333334,0.029303876901549675,0.009674069554385989,True,True
090019.OF,大成景恒混合A,大成基金,成长型,正式年化,13,2023Q1,2026Q1,正式贡献,12,1771290000.0000002,0.10231812248272965,0.06555749968804503,0.043099338066887816,0.05633257510788514,0.053520552089535656,0.045985547374844504,0.04879757039319399,3,0.25,-0.004009214317710619,-0.0013381947389320414,True,False
160220.SZ,国泰民益LOF,国泰基金,成长型,正式年化,10,2023Q1,2025Q3,正式贡献,11,112410000.0,0.2121930167092887,0.04208827409250815,0.03972334792930998,0.07917091176046576,0.04725014156788032,0.13302210494882294,0.16494287514140837,5,0.45454545454545453,0.05368316338357104,0.01919714064025646,True,True
161232.SZ,国投瑞盛LOF,国投瑞银基金,成长型,正式年化,9,2023Q1,2026Q1,正式贡献,12,110440000.0,0.09358527788437354,0.14809335567532722,0.03598820905362454,0.04153512958788719,0.09386926115641803,0.052050148296486354,-0.0002839832720444857,10,0.8333333333333334,0.026255931724449066,0.008676478241362862,True,True
161233.SZ,国投瑞泰LOF,国投瑞银基金,成长型,正式年化,13,2023Q1,2026Q1,正式贡献,12,50160000.00000001,0.07947592338860043,0.06555749968804503,0.043099338066887816,0.04289953061962781,0.053243669008750105,0.03657639276897262,0.026232254379850328,4,0.3333333333333333,0.011331156599604597,0.003762875210215455,True,True
161722.SZ,招商丰泰LOF,招商基金,成长型,年化观察池,5,2023Q1,2025Q3,正式贡献,11,11000000.0,,,,,,,,7,0.6363636363636364,-0.09269391931057824,-0.03475457187433695,,False
162205.OF,宏利风险预算混合,宏利基金,收入型,正式年化,13,2023Q1,2026Q1,正式贡献,12,68990000.0,0.1304433291415834,0.06555749968804503,0.043099338066887816,0.053501723662946477,0.03149606509856473,0.07694160547863693,0.09894726404301868,2,0.16666666666666666,-0.004886185262207743,-0.001631388401578393,True,False
167003.SZ,鼎弘LOF,平安基金,收入型,正式年化,8,2023Q1,2025Q4,正式贡献,12,46120000.0,0.030758889937074763,-0.005079754183696772,0.03367843884095545,0.024831253783847984,0.019145800222885034,0.0059276361532267785,0.011613089714189728,7,0.5833333333333334,-0.0508244489624039,-0.017236886146340114,True,False
206013.OF,鹏华宏观混合,鹏华基金,平衡型,年化观察池,0,,,正式贡献,12,152980000.0,,,,,,,,7,0.5833333333333334,0.04921348809586723,0.016142513158264427,,True
210010.OF,金鹰灵活配置混合A,金鹰基金,成长型,正式年化,13,2023Q1,2026Q1,正式贡献,12,360870000.0,0.04667161286649635,0.06555749968804503,0.043099338066887816,0.05408335051443114,0.05358092757016131,-0.007411737647934791,-0.006909314703664959,7,0.5833333333333334,0.015442890260590314,0.005121357014369332,False,True
240002.OF,华宝宝康灵活配置混合,华宝基金,平衡型,年化观察池,0,,,正式贡献,12,375050000.0,,,,,,,,1,0.08333333333333333,-0.0321271291510723,-0.010825818473302662,,False
270001.OF,广发聚富混合,广发基金,成长型,正式年化,13,2023Q1,2026Q1,正式贡献,12,1250360000.0,-0.015296732869463203,0.06555749968804503,0.043099338066887816,0.044390280643602065,0.054014557690166276,-0.05968701351306527,-0.06931129055962948,6,0.5,0.05143063680830595,0.01685776447607079,False,True
290005.OF,泰信优势增长混合,泰信基金,平衡型,年化观察池,0,,,正式贡献,12,19620000.0,,,,,,,,2,0.16666666666666666,-4.5845715467951464e-05,-1.52821386986135e-05,,False
400013.OF,东方成长收益灵活配置混合A,东方基金,成长型,正式年化,13,2023Q1,2026Q1,正式贡献,12,101010000.0,0.0219668185451114,0.06555749968804503,0.043099338066887816,0.06247281840340824,0.053488249707217994,-0.04050599985829684,-0.031521431162106595,6,0.5,-0.04252550173226244,-0.014380988688736274,False,False
501017.SH,国泰融丰LOF,国泰基金,成长型,正式年化,13,2023Q1,2026Q1,正式贡献,12,45240000.0,0.057190119193764044,0.06555749968804503,0.043099338066887816,0.03338973146552782,0.05388469249779959,0.023800387728236228,0.003305426695964453,5,0.4166666666666667,-0.07783234637624226,-0.026647919401542652,True,False
501053.SH,东方红目标优选,东方红资产管理,收入型,年化观察池,0,,,正式贡献,10,319990000.0,,,,,,,,2,0.2,0.002883745775024815,0.0011525019231723999,,True
501076.SH,鹏华创新动力LOF,鹏华基金,成长型,正式年化,9,2023Q1,2026Q1,贡献观察池,6,325140000.0,0.02750012434315252,-0.04669878588440235,0.0581307756083882,-0.0027467814183042005,0.009502882216127162,0.03024690576145672,0.01799724212702536,1,0.16666666666666666,-0.004032577778521951,,True,
501080.SH,科创主题投资基金LOF,中金基金,成长型,正式年化,13,2023Q1,2026Q1,正式贡献,12,166120000.0,0.11485712647352897,0.06555749968804503,0.043099338066887816,0.04555221194634873,0.05379626546448102,0.06930491452718024,0.06106086100904795,4,0.3333333333333333,-0.048766876436755924,-0.016527271365810114,True,False
501186.SH,华夏兴融LOF,华夏基金,成长型,正式年化,11,2023Q1,2026Q1,正式贡献,9,472030000.0,-0.005480326349444509,0.09095557951194344,0.043008025676190886,0.059081034928321285,0.061684551431173684,-0.0645613612777658,-0.06716487778061819,4,0.4444444444444444,-0.019505448628729494,-0.00871654002361344,False,False
510081.OF,长盛动态精选混合,长盛基金,成长型,正式年化,10,2023Q1,2025Q3,正式贡献,8,211220000.0,-0.04519809728423596,-0.006141569476146191,0.04420782068738771,-0.002446215006466357,0.03186993561610851,-0.042751882277769604,-0.07706803290034447,3,0.375,-0.006508159617066744,-0.0032593916254173294,False,False
519130.OF,海富通新内需混合A,海富通基金,成长型,正式年化,11,2023Q2,2026Q1,正式贡献,9,18400000.0,-0.08218785449942811,0.10720798203222359,0.03441002017291783,0.08461879734090738,0.06584795906391827,-0.1668066518403355,-0.14803581356334639,2,0.2222222222222222,0.00959725078702478,0.004254129774961868,False,True
519221.OF,海富通欣益混合C,海富通基金,成长型,正式年化,12,2023Q1,2026Q1,正式贡献,12,10130000.0,0.033165948187278804,0.0667681742093853,0.0409985989082291,0.010088635053973505,0.05314336431306632,0.0230773131333053,-0.019977416125787517,3,0.25,0.048651881645521255,0.015961179220426835,True,True
519613.OF,银河君尚混合A,银河基金,成长型,正式年化,10,2023Q2,2026Q1,正式贡献,10,10480000.0,0.042928636467936654,0.055128356760784536,0.049869736887077076,0.030979146930808277,0.036745123624393194,0.011949489537128377,0.006183512843543459,7,0.7,0.010870489181258325,0.0043340972024132896,True,True
519616.OF,银河君信混合A,银河基金,成长型,正式年化,9,2023Q1,2026Q1,正式贡献,9,8700000.0,0.18896012112736638,0.03524321712682088,0.04094139714425915,0.03832059710046454,0.04701679358175803,0.15063952402690184,0.14194332754560834,4,0.4444444444444444,-0.047203987190630126,-0.021261581539023244,True,False
519738.OF,交银周期回报灵活配置混合A,交银施罗德基金,成长型,正式年化,10,2023Q1,2026Q1,正式贡献,12,509680000.0,0.049438583556187465,0.11409991423488242,0.0351221315768484,0.0515165388658112,0.07643801105099657,-0.0020779553096237358,-0.026999427494809103,7,0.5833333333333334,-0.003262837019320952,-0.0010887973892794722,False,False
519766.OF,交银荣鑫灵活配置混合A,交银施罗德基金,成长型,正式年化,11,2023Q2,2026Q1,正式贡献,12,408570000.0,0.4495651842414079,0.1282423885355779,0.039534296953400716,0.09949501821055073,0.07340058042926678,0.35007016603085717,0.3761646038121411,4,0.3333333333333333,0.04454463357322114,0.01463304086840811,True,True
519770.OF,交银优择回报灵活配置混合A,交银施罗德基金,成长型,正式年化,10,2023Q1,2026Q1,正式贡献,12,3018420000.0,0.9275699682117953,0.11409991423488242,0.0351221315768484,0.11320058518077114,0.0761308872105051,0.8143693830310241,0.8514390810012902,4,0.3333333333333333,-0.008065436547569083,-0.002695739329734881,True,False
519949.OF,长信利信混合A,长信基金,成长型,正式年化,9,2023Q1,2025Q4,贡献观察池,6,1280000.0,0.060482239473901744,0.06830493611181043,0.03928248574970561,0.07998534255441503,0.0516190765517357,-0.019503103080513284,0.008863162922166046,0,0.0,0.0,,False,
519957.OF,长信睿进混合A,长信基金,成长型,正式年化,12,2023Q1,2025Q4,正式贡献,11,143450000.0,0.04566878051424439,0.03181867512910386,0.04264716587763662,0.039867499605897416,0.040396681903732023,0.005801280908346973,0.005272098610512366,4,0.36363636363636365,0.010020730307924497,0.0036323467489025596,True,True
519971.OF,长信改革红利混合,长信基金,成长型,正式年化,13,2023Q1,2026Q1,正式贡献,12,21680000.0,0.18091993169642095,0.06555749968804503,0.043099338066887816,0.04602891761981409,0.053481932566938006,0.13489101407660686,0.12743799912948295,2,0.16666666666666666,-0.03875791568315834,-0.013089903160179217,True,False
560003.OF,益民创新优势混合A,益民基金,成长型,正式年化,13,2023Q1,2026Q1,正式贡献,12,356020000.0,0.0336918241172377,0.06555749968804503,0.043099338066887816,0.027469585602357904,0.053933706053873154,0.0062222385148797965,-0.020241881936635453,5,0.4166666666666667,-0.017091875165345383,-0.005730062626591259,True,False
673040.OF,西部利得行业主题优选混合A,西部利得基金,成长型,正式年化,10,2023Q1,2026Q1,正式贡献,10,31110000.0,-0.15646568824957063,0.04998243012996184,0.05401888512253272,0.06873312071679094,0.04187042221650983,-0.22519880896636157,-0.19833611046608046,6,0.6,0.029530182042613706,0.011709046122539979,False,True
673071.OF,西部利得新动力混合A,西部利得基金,成长型,正式年化,10,2023Q1,2026Q1,正式贡献,8,256449999.99999997,-0.11798517681457876,0.036821634848551055,0.04367876926169911,0.08890038141085421,0.049174881105212176,-0.20688555822543298,-0.16716005791979094,3,0.375,-0.04038852523282055,-0.020402391403909426,False,False
673081.OF,西部利得祥运混合A,西部利得基金,成长型,年化观察池,2,2023Q2,2026Q1,贡献观察池,6,993910000.0,,,,,,,,3,0.5,0.05610492841111192,,,
750005.OF,安信平稳增长混合A,安信基金,平衡型,年化观察池,0,,,正式贡献,12,24830000.0,,,,,,,,7,0.5833333333333334,0.009599980959754228,0.0031898079597987294,,True
970120.OF,兴证资管金麒麟恒睿致远一年持有期混合B,兴证资管,收入型,正式年化,10,2023Q2,2026Q1,正式贡献,12,48230000.0,0.03516687675543362,0.11569552711686382,0.049721736522210014,0.06658055814363273,0.042605879850178274,-0.03141368138819911,-0.007439003094744656,9,0.75,-0.0018273152731055342,-0.0006094764771457095,False,False
