基金管理人简称,switch_direction,relative_market_environment,observation_count,unique_fund_count,hit_ratio,mean_active_contribution,median_active_contribution
万家基金,减股票,债显著强,3,3,1.0,0.011211659700496203,0.010755265513935828
万家基金,减股票,差异较小,7,5,0.7142857142857143,0.0010617289008061797,0.00033417961142500013
万家基金,减股票,股显著强,4,4,0.0,-0.017708242333153004,-0.018370607340572026
万家基金,加股票,差异较小,6,2,0.0,-0.0024606887745578436,-0.0021159981275405775
万家基金,加股票,股显著强,2,2,1.0,0.014281976153368243,0.014281976153368243
上银基金,减股票,差异较小,1,1,1.0,0.001227589190637261,0.001227589190637261
上银基金,减股票,股显著强,1,1,0.0,-0.009302469722432366,-0.009302469722432366
上银基金,加股票,差异较小,3,2,0.0,-0.003419537131929383,-0.003950927852970427
东兴基金,减股票,差异较小,4,1,1.0,0.005023876953997162,0.004185710905378632
东兴基金,加股票,差异较小,2,1,0.5,0.004961061295508804,0.004961061295508804
东兴基金,加股票,股显著强,3,1,1.0,0.024518972555855955,0.018338331496737265
东吴基金,减股票,股显著强,1,1,0.0,-0.020874579316198787,-0.020874579316198787
东吴基金,加股票,差异较小,3,1,0.3333333333333333,-0.002906293323007217,-0.002609979627301792
东吴基金,加股票,股显著强,1,1,1.0,0.03838030686369501,0.03838030686369501
东方基金,减股票,差异较小,3,2,1.0,0.004623110722000236,0.004090973773829152
东方基金,减股票,股显著强,3,2,0.0,-0.02741168610970775,-0.02652401703126773
东方基金,加股票,债显著强,3,3,0.0,-0.00575006495606666,-0.005666347724665633
东方基金,加股票,差异较小,8,4,0.125,-0.0027514573507583574,-0.0020035680162939886
东方红资产管理,减股票,差异较小,3,2,1.0,0.002397131461862757,0.0006055356064608549
东方红资产管理,减股票,股显著强,2,2,0.0,-0.01825076207149358,-0.01825076207149358
东方红资产管理,加股票,差异较小,1,1,0.0,-0.0031599280993284233,-0.0031599280993284233
东海基金,减股票,债显著强,1,1,1.0,0.03025847481238074,0.03025847481238074
东海基金,减股票,差异较小,4,2,0.75,0.0017161807589383437,0.0006062663557134135
东海基金,减股票,股显著强,2,2,0.0,-0.02474409219672758,-0.02474409219672758
东海基金,加股票,差异较小,3,2,0.0,-0.0019945158276934265,-0.0022338079612730117
东海基金,加股票,股显著强,1,1,1.0,0.054027390799546354,0.054027390799546354
中信保诚基金,减股票,差异较小,7,6,1.0,0.005668636203235709,0.0074416654128386635
中信保诚基金,减股票,股显著强,2,2,0.0,-0.020767968275543815,-0.020767968275543815
中信保诚基金,加股票,差异较小,12,7,0.0,-0.004476862741183521,-0.0029400111581667876
中信保诚基金,加股票,股显著强,2,2,1.0,0.1011240675597383,0.1011240675597383
中加基金,减股票,债显著强,1,1,1.0,0.004506147618372245,0.004506147618372245
中加基金,减股票,差异较小,2,1,1.0,0.0027357887904438678,0.0027357887904438678
中加基金,加股票,债显著强,1,1,0.0,-0.008275979030927917,-0.008275979030927917
中加基金,加股票,差异较小,1,1,0.0,-0.000995754268062766,-0.000995754268062766
中加基金,加股票,股显著强,1,1,1.0,0.041013592712634196,0.041013592712634196
中欧基金,减股票,差异较小,7,6,1.0,0.007849885558533613,0.0048280775690249245
中欧基金,减股票,股显著强,5,4,0.0,-0.01886168340394339,-0.01883533501942502
中欧基金,加股票,债显著强,4,4,0.0,-0.02199034151806461,-0.006990469380297833
中欧基金,加股票,差异较小,16,6,0.0625,-0.004733300862611655,-0.0037026350272907783
中欧基金,加股票,股显著强,2,2,1.0,0.02865197837711119,0.02865197837711119
中海基金,减股票,差异较小,1,1,1.0,0.00037162241017385365,0.00037162241017385365
中海基金,减股票,股显著强,1,1,0.0,-0.021111472273719716,-0.021111472273719716
中海基金,加股票,差异较小,1,1,0.0,-0.003354661139764651,-0.003354661139764651
中邮基金,减股票,债显著强,1,1,1.0,0.004711044048605093,0.004711044048605093
中邮基金,减股票,差异较小,6,4,1.0,0.0016537696493548807,0.0009446973917391233
中邮基金,加股票,债显著强,1,1,0.0,-0.009035415198420783,-0.009035415198420783
中邮基金,加股票,差异较小,5,3,0.4,-0.0023741326710355875,-0.003747289862515595
中邮基金,加股票,股显著强,4,3,1.0,0.01407093434095353,0.01432481165585625
中金基金,减股票,差异较小,1,1,1.0,0.0011492121673352606,0.0011492121673352606
中金基金,减股票,股显著强,2,1,0.0,-0.026117768887319683,-0.026117768887319683
中金基金,加股票,差异较小,1,1,1.0,0.0021054652138181567,0.0021054652138181567
中银基金,减股票,债显著强,1,1,1.0,0.011408461763238951,0.011408461763238951
中银基金,减股票,差异较小,7,3,0.8571428571428571,0.00255015701023704,0.002569200206336931
中银基金,减股票,股显著强,5,4,0.0,-0.017367157063135387,-0.018872603824220045
中银基金,加股票,债显著强,2,2,0.0,-0.01624560112899164,-0.01624560112899164
中银基金,加股票,差异较小,8,7,0.375,-0.005621677524702261,-0.0031554143856732902
中银基金,加股票,股显著强,4,3,1.0,0.017048195727593606,0.01794351600048128
中银证券,减股票,差异较小,2,1,0.5,-5.395502193358023e-06,-5.395502193358023e-06
中银证券,减股票,股显著强,2,1,0.0,-0.009969081741317939,-0.009969081741317939
中银证券,加股票,差异较小,4,1,0.0,-0.0022010362069006333,-0.001793008882168878
中银证券,加股票,股显著强,1,1,1.0,0.008909669076007227,0.008909669076007227
交银施罗德基金,减股票,差异较小,7,5,0.42857142857142855,0.0002704010098646004,-0.0006780163087109664
交银施罗德基金,减股票,股显著强,3,3,0.0,-0.01144560862379499,-0.01081126094182408
交银施罗德基金,加股票,债显著强,1,1,0.0,-0.012784877359492982,-0.012784877359492982
交银施罗德基金,加股票,差异较小,14,6,0.0,-0.0019162991721287704,-0.0012766430256250872
交银施罗德基金,加股票,股显著强,4,4,1.0,0.02164302013454191,0.010710985345811337
众盈基金,减股票,股显著强,1,1,0.0,-0.06995490961242552,-0.06995490961242552
众盈基金,加股票,债显著强,1,1,0.0,-0.013438938277671276,-0.013438938277671276
众盈基金,加股票,差异较小,1,1,0.0,-0.005118443579600676,-0.005118443579600676
信达澳亚基金,减股票,差异较小,6,2,1.0,0.004119037146969454,0.0027048884310579106
信达澳亚基金,减股票,股显著强,2,2,0.0,-0.041980252881025665,-0.041980252881025665
信达澳亚基金,加股票,债显著强,1,1,0.0,-0.006142875577065486,-0.006142875577065486
信达澳亚基金,加股票,差异较小,4,2,0.0,-0.004314384389505969,-0.0029579305492985148
信达澳亚基金,加股票,股显著强,2,2,1.0,0.017460271306579928,0.017460271306579928
光大保德信基金,减股票,债显著强,1,1,1.0,0.012005058702361564,0.012005058702361564
光大保德信基金,减股票,差异较小,3,2,1.0,0.0031845853335212043,0.0006209694850548973
光大保德信基金,减股票,股显著强,1,1,0.0,-0.04061994375528983,-0.04061994375528983
光大保德信基金,加股票,差异较小,6,3,0.16666666666666666,-0.009049013389840986,-0.0069857245328938805
光大保德信基金,加股票,股显著强,5,3,1.0,0.02936128622365868,0.01843671643326241
兴业基金,减股票,差异较小,1,1,1.0,0.002499004340843371,0.002499004340843371
兴证全球基金,减股票,差异较小,6,3,1.0,0.005089791034861487,0.005721339495894215
兴证全球基金,减股票,股显著强,2,2,0.0,-0.030144776843081998,-0.030144776843081998
兴证全球基金,加股票,债显著强,2,2,0.0,-0.01055211142653264,-0.01055211142653264
兴证全球基金,加股票,差异较小,8,4,0.125,-0.0009995064354162302,-0.0012994229520710576
兴证全球基金,加股票,股显著强,3,2,1.0,0.007738844977433067,0.007738748585263636
兴证资管,减股票,差异较小,4,1,0.75,0.0018043224959825607,0.0017134489963266004
兴证资管,加股票,债显著强,1,1,0.0,-0.013968554061286989,-0.013968554061286989
兴证资管,加股票,差异较小,3,1,0.0,-0.00207357784577814,-0.002422957643156134
兴证资管,加股票,股显著强,1,1,1.0,0.011329923434419428,0.011329923434419428
兴银基金管理,减股票,差异较小,4,2,1.0,0.004054724373961187,0.002953084973172159
兴银基金管理,减股票,股显著强,1,1,0.0,-0.04931394615045263,-0.04931394615045263
兴银基金管理,加股票,差异较小,3,2,0.0,-0.0010290240971173033,-0.0006139102981359996
兴银基金管理,加股票,股显著强,3,2,1.0,0.012297934239381013,0.013335797503230364
农银汇理基金,减股票,差异较小,4,2,1.0,0.0015880562791248567,0.0008032684320566138
农银汇理基金,加股票,差异较小,2,2,0.5,-0.005821726885933623,-0.005821726885933623
农银汇理基金,加股票,股显著强,2,1,1.0,0.03369693372489755,0.03369693372489755
创金合信基金,减股票,差异较小,2,1,1.0,0.0034337343745748337,0.0034337343745748337
创金合信基金,加股票,差异较小,2,1,0.5,0.0001407696811370143,0.0001407696811370143
创金合信基金,加股票,股显著强,1,1,1.0,0.011994519734969445,0.011994519734969445
前海开源基金,减股票,差异较小,8,4,1.0,0.009310294181735715,0.004687931116172061
前海开源基金,加股票,差异较小,8,4,0.25,-0.0015460276126361447,-0.002356765857510837
前海开源基金,加股票,股显著强,4,2,1.0,0.06020466791794254,0.053286286331669805
前海联合,减股票,差异较小,4,1,1.0,0.004442214612474276,0.00498332560443505
前海联合,减股票,股显著强,1,1,0.0,-0.01258610588386219,-0.01258610588386219
前海联合,加股票,差异较小,2,1,0.0,-0.004307825493928952,-0.004307825493928952
华商基金,减股票,债显著强,1,1,1.0,0.004836400224542203,0.004836400224542203
华商基金,减股票,差异较小,11,5,1.0,0.004229978159149584,0.001415084120077003
华商基金,减股票,股显著强,1,1,0.0,-0.011139293945677241,-0.011139293945677241
华商基金,加股票,差异较小,16,5,0.25,-0.0038898800591421795,-0.0012587476675128173
华商基金,加股票,股显著强,4,4,1.0,0.017315684878279555,0.01765932107266996
华夏基金,减股票,债显著强,6,6,1.0,0.012872761125662898,0.011633595003374889
华夏基金,减股票,差异较小,17,10,1.0,0.006196046469739268,0.002505008978191039
华夏基金,减股票,股显著强,13,11,0.0,-0.017034384280256245,-0.013168575746577673
华夏基金,加股票,债显著强,1,1,0.0,-0.017981459096202374,-0.017981459096202374
华夏基金,加股票,差异较小,26,13,0.23076923076923078,-0.003962785951616608,-0.000576466850346555
华夏基金,加股票,股显著强,6,5,1.0,0.027702226545958008,0.016032331046373707
华安基金,减股票,债显著强,1,1,1.0,0.007430331155622212,0.007430331155622212
华安基金,减股票,差异较小,11,4,0.6363636363636364,0.00104639839161289,0.0006972493622697686
华安基金,减股票,股显著强,2,2,0.0,-0.01724521623480787,-0.01724521623480787
华安基金,加股票,债显著强,3,3,0.0,-0.01045745077015525,-0.01172868783519531
华安基金,加股票,差异较小,4,2,0.0,-0.005207920609145102,-0.0051315081312295965
华安基金,加股票,股显著强,1,1,1.0,0.007945358587119714,0.007945358587119714
华宝基金,减股票,债显著强,1,1,1.0,0.008131653163430891,0.008131653163430891
华宝基金,减股票,差异较小,1,1,1.0,0.00032377353676084646,0.00032377353676084646
华宝基金,减股票,股显著强,1,1,0.0,-0.03212712915107225,-0.03212712915107225
华宝基金,加股票,差异较小,4,2,0.25,-0.0011779317615713827,-0.0014660918931586621
华富基金,减股票,差异较小,5,2,1.0,0.004451296018606322,0.003625064795371645
华富基金,减股票,股显著强,2,2,0.0,-0.01415338696893009,-0.01415338696893009
华富基金,加股票,差异较小,3,2,0.0,-0.0008645531166685177,-0.000879635203124248
华富基金,加股票,股显著强,2,2,1.0,0.018228387865707178,0.018228387865707178
华泰保兴基金,减股票,差异较小,2,1,1.0,0.001805130826397942,0.001805130826397942
华泰保兴基金,减股票,股显著强,1,1,0.0,-0.037269290456117064,-0.037269290456117064
华泰保兴基金,加股票,债显著强,1,1,0.0,-0.0051242711523595075,-0.0051242711523595075
华泰保兴基金,加股票,差异较小,1,1,0.0,-0.005229781163897821,-0.005229781163897821
华泰保兴基金,加股票,股显著强,1,1,1.0,0.05079913242773599,0.05079913242773599
华泰证券(上海)资产管理,减股票,差异较小,2,2,1.0,0.002225126701688141,0.002225126701688141
华泰证券(上海)资产管理,减股票,股显著强,5,2,0.0,-0.022532247314089517,-0.013373911161539097
华泰证券(上海)资产管理,加股票,差异较小,4,2,0.25,-0.002812748723986768,-0.001619389993909949
华润元大基金,减股票,差异较小,1,1,1.0,0.03698927788157873,0.03698927788157873
华润元大基金,加股票,债显著强,1,1,0.0,-0.008110632755866374,-0.008110632755866374
华润元大基金,加股票,差异较小,2,1,0.5,-0.00043905415545581264,-0.00043905415545581264
华润元大基金,加股票,股显著强,1,1,1.0,0.1334428547408164,0.1334428547408164
南华基金,加股票,差异较小,1,1,0.0,-0.0009508696322147966,-0.0009508696322147966
南华基金,加股票,股显著强,1,1,1.0,0.0077483013070131996,0.0077483013070131996
南方基金,减股票,差异较小,4,4,1.0,0.0014191138417933358,0.0014374879606306613
南方基金,减股票,股显著强,4,3,0.0,-0.017416295677162675,-0.01760841769634039
南方基金,加股票,差异较小,4,2,0.25,-0.0032661995319657675,-0.003418565185800378
南方基金,加股票,股显著强,5,5,1.0,0.037478874642137866,0.042947339539767995
博时基金,减股票,债显著强,1,1,1.0,0.009393655904975644,0.009393655904975644
博时基金,减股票,差异较小,15,10,1.0,0.005472346228667119,0.0013465147183709856
博时基金,减股票,股显著强,8,6,0.0,-0.017876629366707728,-0.013973439725635214
博时基金,加股票,债显著强,2,2,0.0,-0.009346813212490635,-0.009346813212490635
博时基金,加股票,差异较小,21,10,0.23809523809523808,-0.0026082150424808336,-0.0028475047692279455
博时基金,加股票,股显著强,6,5,1.0,0.018764655871029195,0.011881996714587204
博道基金,减股票,差异较小,3,1,1.0,0.002150683179547275,0.002446729894759415
博道基金,减股票,股显著强,2,1,0.0,-0.01286521069332083,-0.01286521069332083
博道基金,加股票,债显著强,1,1,0.0,-0.0077370338032681325,-0.0077370338032681325
博道基金,加股票,差异较小,1,1,1.0,0.0009121199604747147,0.0009121199604747147
合煦智远基金,减股票,差异较小,1,1,1.0,0.0017708689516138713,0.0017708689516138713
合煦智远基金,减股票,股显著强,2,1,0.0,-0.010325406621430068,-0.010325406621430068
合煦智远基金,加股票,差异较小,3,1,0.3333333333333333,-0.003038111667727507,-0.0006146470626760875
同泰基金,减股票,差异较小,1,1,1.0,0.01004849976943606,0.01004849976943606
同泰基金,减股票,股显著强,1,1,0.0,-0.011457252580848445,-0.011457252580848445
嘉实基金,减股票,差异较小,2,2,1.0,0.0011476220566374413,0.0011476220566374413
嘉实基金,减股票,股显著强,3,2,0.0,-0.020672724893087715,-0.022947345543779838
嘉实基金,加股票,差异较小,2,2,0.0,-0.002229969763647208,-0.002229969763647208
嘉实基金,加股票,股显著强,2,1,1.0,0.0071781737430664395,0.0071781737430664395
国寿安保基金,减股票,债显著强,1,1,1.0,0.018011505372923217,0.018011505372923217
国寿安保基金,减股票,差异较小,16,7,0.875,0.0017472918492296096,0.0011042955706438342
国寿安保基金,减股票,股显著强,6,6,0.0,-0.02528526486338127,-0.02679308140483092
国寿安保基金,加股票,债显著强,2,2,0.0,-0.004916683300046808,-0.004916683300046808
国寿安保基金,加股票,差异较小,18,8,0.0,-0.003228933466527177,-0.0027453805406215804
国寿安保基金,加股票,股显著强,8,5,1.0,0.018601798395525546,0.017095214767376674
国投瑞银基金,减股票,债显著强,1,1,1.0,0.029913033667631095,0.029913033667631095
国投瑞银基金,减股票,差异较小,10,3,0.7,0.0028915313670288393,0.0032294034285794597
国投瑞银基金,减股票,股显著强,2,2,0.0,-0.024814171713280903,-0.024814171713280903
国投瑞银基金,加股票,债显著强,1,1,0.0,-0.00684711376734203,-0.00684711376734203
国投瑞银基金,加股票,差异较小,5,2,0.0,-0.005707559423655765,-0.004187415707143619
国投瑞银基金,加股票,股显著强,1,1,1.0,0.032335476411199014,0.032335476411199014
国新国证基金,减股票,差异较小,2,1,1.0,0.0025334837458827687,0.0025334837458827687
国新国证基金,减股票,股显著强,1,1,0.0,-0.016708096646970344,-0.016708096646970344
国新国证基金,加股票,债显著强,1,1,0.0,-0.008052080410712885,-0.008052080410712885
国新国证基金,加股票,差异较小,4,1,0.25,-0.0008868140590661398,-0.0006136416559471228
国泰基金,减股票,差异较小,18,8,0.7222222222222222,0.00504589761727749,0.0024485988598749574
国泰基金,减股票,股显著强,4,4,0.0,-0.04163312076551985,-0.04689598171801408
国泰基金,加股票,债显著强,4,4,0.0,-0.01668835760736852,-0.015083609738981704
国泰基金,加股票,差异较小,19,8,0.10526315789473684,-0.005294840127089355,-0.0015089253641775158
国泰基金,加股票,股显著强,7,7,1.0,0.01975527943770855,0.016303284619250947
国海富兰克林基金,加股票,差异较小,2,1,0.0,-0.0016982647443668447,-0.0016982647443668447
国海富兰克林基金,加股票,股显著强,1,1,1.0,0.012846184424987321,0.012846184424987321
国联安基金,减股票,差异较小,2,1,1.0,0.00421339460532483,0.00421339460532483
国联安基金,加股票,债显著强,1,1,0.0,-0.008582593330272,-0.008582593330272
国联安基金,加股票,差异较小,3,1,0.0,-0.004647186431832642,-0.004720956086314417
国联安基金,加股票,股显著强,1,1,1.0,0.011519783795723043,0.011519783795723043
圆信永丰基金,减股票,差异较小,1,1,1.0,0.0002433552493288589,0.0002433552493288589
圆信永丰基金,减股票,股显著强,1,1,0.0,-0.012085302466728605,-0.012085302466728605
圆信永丰基金,加股票,差异较小,4,1,0.0,-0.002703419739266695,-0.0028376254497186823
大成基金,减股票,差异较小,8,5,1.0,0.0026493930695686294,0.00171166970659845
大成基金,减股票,股显著强,1,1,0.0,-0.011720854033555463,-0.011720854033555463
大成基金,加股票,差异较小,8,6,0.0,-0.007282441269690413,-0.002942891548565929
大成基金,加股票,股显著强,3,3,1.0,0.009174959286378475,0.007881232716265361
天弘基金,减股票,差异较小,7,5,1.0,0.011508075837118954,0.011303867215270758
天弘基金,减股票,股显著强,3,2,0.0,-0.018207642185223225,-0.007936970399422892
天弘基金,加股票,债显著强,1,1,0.0,-0.019847920658818272,-0.019847920658818272
天弘基金,加股票,差异较小,5,3,0.0,-0.004447381730687418,-0.004293290912243377
天弘基金,加股票,股显著强,2,2,1.0,0.05493362591308999,0.05493362591308999
太平基金,减股票,差异较小,2,2,0.5,0.002789767684337437,0.002789767684337437
太平基金,减股票,股显著强,1,1,0.0,-0.01701948250437401,-0.01701948250437401
太平基金,加股票,差异较小,2,1,0.0,-0.0005964018432197862,-0.0005964018432197862
安信基金,减股票,债显著强,2,2,1.0,0.008794331495690259,0.008794331495690259
安信基金,减股票,差异较小,8,5,0.875,0.002082685334060622,0.0016050282457478321
安信基金,加股票,差异较小,8,4,0.125,-0.0037389855681469715,-0.0015393164659854453
安信基金,加股票,股显著强,2,2,1.0,0.013549198436970035,0.013549198436970035
宏利基金,减股票,差异较小,3,2,1.0,0.008146687989991245,0.00348087125368571
宏利基金,减股票,股显著强,1,1,0.0,-0.04546360107126458,-0.04546360107126458
宏利基金,加股票,债显著强,1,1,0.0,-0.007219451493178692,-0.007219451493178692
宏利基金,加股票,差异较小,4,2,0.25,-0.007526734248047745,-0.004726168935505769
宏利基金,加股票,股显著强,1,1,1.0,0.00714621828334772,0.00714621828334772
宝盈基金,减股票,债显著强,2,2,1.0,0.015419805852341779,0.015419805852341779
宝盈基金,减股票,差异较小,3,3,0.6666666666666666,0.0030728750639038727,0.003174741599456115
宝盈基金,加股票,差异较小,5,4,0.2,-0.0018686658955124947,-0.00043407084131823534
富国基金,减股票,债显著强,2,2,1.0,0.00940859592643838,0.00940859592643838
富国基金,减股票,差异较小,12,7,0.9166666666666666,0.0038324777938999626,0.0031543673957893127
富国基金,减股票,股显著强,9,7,0.0,-0.016906264539782383,-0.014345991456190215
富国基金,加股票,差异较小,22,8,0.18181818181818182,-0.0026889311704483476,-0.0010906830950799026
富国基金,加股票,股显著强,5,4,1.0,0.025800403045289348,0.019525794422113187
富安达基金,减股票,差异较小,3,1,1.0,0.004713981231405782,0.004611500975871799
富安达基金,减股票,股显著强,1,1,0.0,-0.020709503607454757,-0.020709503607454757
富安达基金,加股票,债显著强,1,1,0.0,-0.006087773915326792,-0.006087773915326792
富安达基金,加股票,差异较小,3,1,0.0,-0.0010924541672585135,-0.0004135301978492967
富安达基金,加股票,股显著强,2,1,1.0,0.012383632136180548,0.012383632136180548
尚正基金,减股票,债显著强,1,1,1.0,0.006346533572909476,0.006346533572909476
尚正基金,减股票,差异较小,2,1,1.0,0.0021452411269582824,0.0021452411269582824
尚正基金,减股票,股显著强,2,1,0.0,-0.019083077697337074,-0.019083077697337074
尚正基金,加股票,差异较小,3,1,0.3333333333333333,-0.001019349802620823,-0.0004163548406338602
工银瑞信基金,减股票,债显著强,1,1,1.0,0.00658036822537576,0.00658036822537576
工银瑞信基金,减股票,差异较小,8,4,0.875,0.0020376841019695336,0.001337819021084851
工银瑞信基金,减股票,股显著强,4,3,0.0,-0.013797885464119178,-0.013880088882323387
工银瑞信基金,加股票,债显著强,1,1,0.0,-0.022267883547191922,-0.022267883547191922
工银瑞信基金,加股票,差异较小,13,5,0.0,-0.0020240986192222015,-0.0010967768258170719
工银瑞信基金,加股票,股显著强,1,1,1.0,0.00951075441585228,0.00951075441585228
平安基金,减股票,债显著强,3,3,1.0,0.023409859945279093,0.026333803640320542
平安基金,减股票,差异较小,10,7,0.9,0.0032538989682257395,0.0039042291142768826
平安基金,减股票,股显著强,5,4,0.0,-0.01741552928272594,-0.020223496741501982
平安基金,加股票,债显著强,1,1,0.0,-0.005702193153405605,-0.005702193153405605
平安基金,加股票,差异较小,18,9,0.16666666666666666,-0.0031023038988107873,-0.0011178271385338836
平安基金,加股票,股显著强,4,3,1.0,0.011237915782100025,0.011328925712473861
广发基金,减股票,债显著强,5,5,1.0,0.009910891736939615,0.005946622419524358
广发基金,减股票,差异较小,40,16,0.975,0.002676710605275037,0.0006831913899724059
广发基金,减股票,股显著强,6,6,0.0,-0.017546636094427605,-0.014628631868784887
广发基金,加股票,债显著强,1,1,0.0,-0.008130905049922574,-0.008130905049922574
广发基金,加股票,差异较小,30,14,0.2,-0.00309397618857597,-0.002339381847837722
广发基金,加股票,股显著强,15,10,1.0,0.016924348648832483,0.014987214062784842
建信基金,减股票,差异较小,1,1,1.0,0.005108653841192991,0.005108653841192991
建信基金,减股票,股显著强,1,1,0.0,-0.013468721388552662,-0.013468721388552662
建信基金,加股票,债显著强,1,1,0.0,-0.00869924848175917,-0.00869924848175917
建信基金,加股票,差异较小,2,1,0.0,-0.004020339087032564,-0.004020339087032564
建信基金,加股票,股显著强,1,1,1.0,0.0068245602005501975,0.0068245602005501975
弘毅远方基金,减股票,差异较小,2,1,1.0,0.004021875630844829,0.004021875630844829
弘毅远方基金,减股票,股显著强,1,1,0.0,-0.01504916398741637,-0.01504916398741637
弘毅远方基金,加股票,债显著强,1,1,0.0,-0.005336360604895497,-0.005336360604895497
弘毅远方基金,加股票,差异较小,1,1,0.0,-0.003709602270128944,-0.003709602270128944
恒越基金,减股票,差异较小,2,1,1.0,0.004631169524123337,0.004631169524123337
恒越基金,减股票,股显著强,1,1,0.0,-0.02101503557720948,-0.02101503557720948
恒越基金,加股票,债显著强,1,1,0.0,-0.012409842629358025,-0.012409842629358025
恒越基金,加股票,差异较小,2,1,0.0,-0.002841677093055737,-0.002841677093055737
恒越基金,加股票,股显著强,2,1,1.0,0.032359953291279574,0.032359953291279574
招商基金,减股票,债显著强,4,4,1.0,0.00635764245877631,0.00605077392219415
招商基金,减股票,差异较小,15,10,0.9333333333333333,0.004561788751562981,0.002549599631672921
招商基金,减股票,股显著强,11,9,0.0,-0.02518499887355126,-0.013747868160115416
招商基金,加股票,债显著强,5,5,0.0,-0.013140735063662312,-0.011343632064029266
招商基金,加股票,差异较小,42,18,0.21428571428571427,-0.003019715095752564,-0.002161299988073272
招商基金,加股票,股显著强,14,14,1.0,0.01531329302786941,0.013741774425429735
摩根基金(中国),减股票,差异较小,8,3,1.0,0.0028945323223163624,0.0013287913999057406
摩根基金(中国),减股票,股显著强,3,3,0.0,-0.03399620614719197,-0.03149078156003112
摩根基金(中国),加股票,债显著强,1,1,0.0,-0.005613535461923061,-0.005613535461923061
摩根基金(中国),加股票,差异较小,11,3,0.18181818181818182,-0.004921959011539784,-0.0009636311162330664
摩根基金(中国),加股票,股显著强,2,2,1.0,0.006911068512359904,0.006911068512359904
新华基金,减股票,差异较小,1,1,0.0,-0.0022267984414308783,-0.0022267984414308783
新华基金,减股票,股显著强,2,1,0.0,-0.03616695579829018,-0.03616695579829018
新华基金,加股票,债显著强,2,2,0.0,-0.010945862907439746,-0.010945862907439746
新华基金,加股票,差异较小,4,2,0.0,-0.005967057433102802,-0.005690810282147726
新华基金,加股票,股显著强,3,2,1.0,0.0247343590559921,0.0211403193141471
易方达基金,减股票,差异较小,19,10,1.0,0.002255098144230734,0.0024768992950706197
易方达基金,减股票,股显著强,5,5,0.0,-0.024578321281673705,-0.023909098908304276
易方达基金,加股票,债显著强,3,3,0.0,-0.007261192254147713,-0.0068832492677679685
易方达基金,加股票,差异较小,22,12,0.3181818181818182,-0.0008186546024290327,-0.0005081371212488124
易方达基金,加股票,股显著强,6,6,1.0,0.012871227518005854,0.011290045142464154
景顺长城基金,减股票,债显著强,1,1,1.0,0.004228950101862977,0.004228950101862977
景顺长城基金,减股票,差异较小,10,6,1.0,0.0033004341582772182,0.0026068328921922653
景顺长城基金,减股票,股显著强,3,2,0.0,-0.019241055174045785,-0.020590219010155113
景顺长城基金,加股票,债显著强,2,2,0.0,-0.008255150706871528,-0.008255150706871528
景顺长城基金,加股票,差异较小,10,6,0.2,-0.0012690433865299477,-0.0026461690415796424
景顺长城基金,加股票,股显著强,5,4,1.0,0.014744104245249075,0.011155744864673562
格林基金,减股票,差异较小,2,1,1.0,0.004807414621140553,0.004807414621140553
格林基金,减股票,股显著强,2,1,0.0,-0.012034478778062274,-0.012034478778062274
格林基金,加股票,债显著强,1,1,0.0,-0.007793941138377298,-0.007793941138377298
格林基金,加股票,差异较小,5,2,0.4,-0.003967260066327947,-0.00041707682387420264
格林基金,加股票,股显著强,2,1,1.0,0.02810768265555031,0.02810768265555031
民生加银基金,减股票,差异较小,5,3,1.0,0.0057148064616920815,0.004806482361208273
民生加银基金,减股票,股显著强,1,1,0.0,-0.05389488314813093,-0.05389488314813093
民生加银基金,加股票,债显著强,2,2,0.0,-0.012939571211982841,-0.012939571211982841
民生加银基金,加股票,差异较小,6,3,0.3333333333333333,-0.006178859484415166,-0.00334879141524993
民生加银基金,加股票,股显著强,4,3,1.0,0.016976446471092192,0.011959255424517336
永赢基金,减股票,差异较小,5,2,0.8,0.003683444634083983,0.005460258904136724
永赢基金,加股票,债显著强,1,1,0.0,-0.008769432463027416,-0.008769432463027416
永赢基金,加股票,差异较小,5,2,0.2,-0.0027037284776241515,-0.0014614514494219466
永赢基金,加股票,股显著强,1,1,1.0,0.018419421961439995,0.018419421961439995
汇丰晋信基金,减股票,差异较小,3,2,1.0,0.0027665968869115504,0.000445404303914614
汇丰晋信基金,加股票,债显著强,1,1,0.0,-0.0042941877604235745,-0.0042941877604235745
汇丰晋信基金,加股票,差异较小,4,2,0.25,-0.0010547750679893897,-0.0010770534959610315
汇丰晋信基金,加股票,股显著强,3,2,1.0,0.016367309183398536,0.014469970904287935
汇安基金,减股票,差异较小,13,5,1.0,0.0036894614456889447,0.003561704840794941
汇安基金,减股票,股显著强,2,2,0.0,-0.012179575520214663,-0.012179575520214663
汇安基金,加股票,差异较小,8,4,0.0,-0.0013713341203280079,-0.00044984354499798187
汇安基金,加股票,股显著强,3,3,1.0,0.011528913499981438,0.014227316908322544
汇添富基金,减股票,差异较小,12,6,0.9166666666666666,0.003422194112693793,0.0033628933819792404
汇添富基金,减股票,股显著强,5,4,0.0,-0.015125284804918555,-0.017884101588139682
汇添富基金,加股票,债显著强,1,1,0.0,-0.004262012466245093,-0.004262012466245093
汇添富基金,加股票,差异较小,8,6,0.0,-0.0016646859367095562,-0.0009085779541453411
汇添富基金,加股票,股显著强,3,2,1.0,0.011207629845454233,0.012610638260342482
泓德基金,减股票,股显著强,1,1,0.0,-0.022196978758108443,-0.022196978758108443
泓德基金,加股票,差异较小,2,1,0.0,-0.0008965579921486955,-0.0008965579921486955
泰信基金,减股票,差异较小,1,1,1.0,0.0024175276307496847,0.0024175276307496847
泰信基金,加股票,差异较小,1,1,0.0,-0.0024574324354043556,-0.0024574324354043556
泰康基金,减股票,债显著强,2,2,1.0,0.005699395316417921,0.005699395316417921
泰康基金,减股票,差异较小,3,3,1.0,0.004911015859967228,0.005937030069495292
泰康基金,减股票,股显著强,2,2,0.0,-0.009203264479572336,-0.009203264479572336
泰康基金,加股票,差异较小,6,3,0.0,-0.001739571459132114,-0.0013008733512416511
浙商基金,减股票,债显著强,1,1,1.0,0.00648790292888906,0.00648790292888906
浙商基金,减股票,差异较小,8,3,0.875,0.00211145922501928,0.0015980079968984729
浙商基金,减股票,股显著强,1,1,0.0,-0.011556940431250036,-0.011556940431250036
浙商基金,加股票,差异较小,5,3,0.0,-0.003487324522694398,-0.0032601930310981776
浙商基金,加股票,股显著强,3,2,1.0,0.016494837008340316,0.00905968571077331
浙商证券资管,减股票,债显著强,1,1,1.0,0.010634198714461062,0.010634198714461062
浙商证券资管,减股票,差异较小,3,1,1.0,0.0015743137368261957,0.00094009462997322
浙商证券资管,加股票,差异较小,2,1,0.5,-0.004201385663437552,-0.004201385663437552
浙商证券资管,加股票,股显著强,2,1,1.0,0.007210358443949896,0.007210358443949896
浦银安盛基金,减股票,差异较小,2,1,1.0,0.00953390281105612,0.00953390281105612
浦银安盛基金,加股票,债显著强,1,1,0.0,-0.03136160633994154,-0.03136160633994154
浦银安盛基金,加股票,差异较小,1,1,0.0,-0.006933308046970886,-0.006933308046970886
浦银安盛基金,加股票,股显著强,1,1,1.0,0.03658252173795409,0.03658252173795409
海富通基金,减股票,差异较小,2,2,1.0,0.011915868258044585,0.011915868258044585
海富通基金,减股票,股显著强,2,2,0.0,-0.009840183524977932,-0.009840183524977932
海富通基金,加股票,债显著强,1,1,0.0,-0.02202770745653292,-0.02202770745653292
海富通基金,加股票,差异较小,2,2,0.0,-0.0016975178363866229,-0.0016975178363866229
海富通基金,加股票,股显著强,1,1,1.0,0.04564123304602039,0.04564123304602039
益民基金,减股票,差异较小,3,1,1.0,0.002834824925616828,0.002388689387223415
益民基金,加股票,债显著强,1,1,0.0,-0.010298308792145681,-0.010298308792145681
益民基金,加股票,差异较小,1,1,0.0,-0.015260285135738759,-0.015260285135738759
红土创新基金,减股票,差异较小,3,2,1.0,0.001549231182580913,0.0005076713777997303
红土创新基金,减股票,股显著强,4,2,0.0,-0.01311057293771415,-0.012184580710808381
红土创新基金,加股票,债显著强,1,1,0.0,-0.011485488692262806,-0.011485488692262806
红土创新基金,加股票,差异较小,7,2,0.14285714285714285,-0.0007600566096708561,-0.0004928273311924559
红塔红土,减股票,债显著强,1,1,1.0,0.00673481088813975,0.00673481088813975
红塔红土,减股票,差异较小,2,1,1.0,0.002785024507764201,0.002785024507764201
红塔红土,减股票,股显著强,1,1,0.0,-0.005981336780574178,-0.005981336780574178
红塔红土,加股票,差异较小,3,2,0.0,-0.003970152540059857,-0.001089103430945214
红塔红土,加股票,股显著强,1,1,1.0,0.03868939750544049,0.03868939750544049
英大基金,减股票,差异较小,1,1,1.0,0.00041863343434969517,0.00041863343434969517
英大基金,减股票,股显著强,1,1,0.0,-0.0451601498124332,-0.0451601498124332
英大基金,加股票,差异较小,1,1,0.0,-0.0029524342519415495,-0.0029524342519415495
融通基金,减股票,债显著强,2,2,1.0,0.006103183770944166,0.006103183770944166
融通基金,减股票,差异较小,11,5,0.7272727272727273,0.002387391858942274,0.00219099913287632
融通基金,减股票,股显著强,3,3,0.0,-0.010060934608758973,-0.008832442469170637
融通基金,加股票,债显著强,2,2,0.0,-0.006354832259130217,-0.006354832259130217
融通基金,加股票,差异较小,12,6,0.0,-0.003955293643329164,-0.003450634878886925
融通基金,加股票,股显著强,6,4,1.0,0.016677153655947883,0.012483431969473407
西部利得基金,减股票,差异较小,5,3,1.0,0.0037463774062179434,0.0039465918119509025
西部利得基金,加股票,债显著强,1,1,0.0,-0.04698168876383969,-0.04698168876383969
西部利得基金,加股票,差异较小,3,3,0.3333333333333333,-0.0019063389555793633,-0.0013565006058652235
西部利得基金,加股票,股显著强,3,2,1.0,0.026394828807743187,0.01858228898442566
诺安基金,减股票,差异较小,1,1,1.0,0.04355786735637226,0.04355786735637226
诺安基金,加股票,差异较小,3,1,0.3333333333333333,-0.000801692590231585,-0.00022535119635461715
诺德基金,减股票,差异较小,1,1,1.0,0.01143378914149793,0.01143378914149793
诺德基金,减股票,股显著强,1,1,0.0,-0.016990679013353428,-0.016990679013353428
诺德基金,加股票,差异较小,2,1,0.0,-0.0006405705980366677,-0.0006405705980366677
财通基金,减股票,差异较小,3,2,1.0,0.002876542433680401,0.0029960811356932286
财通基金,减股票,股显著强,2,2,0.0,-0.042495237937938427,-0.042495237937938427
财通基金,加股票,差异较小,1,1,0.0,-0.0015246634815924106,-0.0015246634815924106
财通基金,加股票,股显著强,1,1,1.0,0.020444232816596936,0.020444232816596936
财通资管,减股票,债显著强,1,1,1.0,0.007258020465032437,0.007258020465032437
财通资管,减股票,差异较小,7,4,0.8571428571428571,0.0029878797798749386,0.0023459837844387785
财通资管,减股票,股显著强,5,4,0.0,-0.008866983903878254,-0.009435067736679808
财通资管,加股票,差异较小,11,5,0.09090909090909091,-0.0023741589210212392,-0.001792851952960244
财通资管,加股票,股显著强,4,2,1.0,0.017636034595451273,0.013971703135909716
金鹰基金,减股票,差异较小,8,4,0.875,0.005126647380350068,0.004239334602885017
金鹰基金,减股票,股显著强,4,2,0.0,-0.0126735806647923,-0.011916686974582858
金鹰基金,加股票,债显著强,2,2,0.0,-0.005745693263226633,-0.005745693263226633
金鹰基金,加股票,差异较小,8,4,0.0,-0.00201105341810416,-0.0008417726172533387
金鹰基金,加股票,股显著强,4,3,1.0,0.033194346558242056,0.022950086603359614
银华基金,减股票,债显著强,1,1,1.0,0.0044618849029491,0.0044618849029491
银华基金,减股票,差异较小,7,3,0.8571428571428571,0.0030232435013717003,0.0023920374991588792
银华基金,减股票,股显著强,4,4,0.0,-0.018857871542825845,-0.01770486312258128
银华基金,加股票,差异较小,18,5,0.1111111111111111,-0.004605444974312323,-0.002290109459622075
银华基金,加股票,股显著强,5,3,1.0,0.025116891644225352,0.01764809315170732
银河基金,减股票,差异较小,3,1,1.0,0.0038613173602004415,0.0029267692588433136
银河基金,减股票,股显著强,1,1,0.0,-0.01281687078081372,-0.01281687078081372
银河基金,加股票,债显著强,1,1,0.0,-0.0237027324066966,-0.0237027324066966
银河基金,加股票,差异较小,5,2,0.0,-0.009099763125864902,-0.0011462557847259332
银河基金,加股票,股显著强,1,1,1.0,0.034495336370741585,0.034495336370741585
长信基金,减股票,差异较小,18,7,0.7777777777777778,0.0028446566539175114,0.003273335490556541
长信基金,减股票,股显著强,4,3,0.0,-0.013910425751070866,-0.012102245585444565
长信基金,加股票,债显著强,4,4,0.0,-0.009709580285891512,-0.009402787008155299
长信基金,加股票,差异较小,13,7,0.07692307692307693,-0.005384956600347083,-0.0022263919839064557
长信基金,加股票,股显著强,5,4,1.0,0.01600090291336268,0.015687486231839996
长城基金,减股票,差异较小,2,1,1.0,0.0033814206471780147,0.0033814206471780147
长城基金,加股票,差异较小,1,1,0.0,-0.0019447358810428656,-0.0019447358810428656
长盛基金,减股票,债显著强,2,2,1.0,0.007890722975002065,0.007890722975002065
长盛基金,减股票,差异较小,8,5,0.875,0.011934842578736655,0.008752924127365055
长盛基金,减股票,股显著强,1,1,0.0,-0.009586413797532507,-0.009586413797532507
长盛基金,加股票,债显著强,1,1,0.0,-0.007381649682682904,-0.007381649682682904
长盛基金,加股票,差异较小,10,5,0.2,-0.00236767144744765,-0.0008437842455925029
长盛基金,加股票,股显著强,4,3,1.0,0.040761728236719585,0.041407367546187394
鹏华基金,减股票,债显著强,2,2,1.0,0.02825655264697684,0.02825655264697684
鹏华基金,减股票,差异较小,13,6,0.9230769230769231,0.0019889404658586787,0.0020070370193078866
鹏华基金,减股票,股显著强,4,3,0.0,-0.014722773156412964,-0.011111677986219572
鹏华基金,加股票,债显著强,1,1,0.0,-0.038808259819765135,-0.038808259819765135
鹏华基金,加股票,差异较小,13,8,0.15384615384615385,-0.0025112162186880413,-0.0007114449438243776
鹏华基金,加股票,股显著强,5,3,1.0,0.021279938546637695,0.013871301469835836
鹏扬基金,减股票,债显著强,1,1,1.0,0.005848296686931683,0.005848296686931683
鹏扬基金,减股票,差异较小,4,2,1.0,0.002853963342646691,0.003575824867137406
鹏扬基金,减股票,股显著强,1,1,0.0,-0.03424712697536131,-0.03424712697536131
鹏扬基金,加股票,差异较小,6,2,0.16666666666666666,-0.0018203603120313142,-0.0013457305710076605
鹏扬基金,加股票,股显著强,3,3,1.0,0.021526697556338403,0.019753796847863134
